Timestamp,Company,Gender,Age,Categories,Fine Arts,Theatre,Literary Art,Craft,Photography,Cooking,Comedy,Trips and adventurous activities,Entertainment,Kids events,Yoga,Parties,Performances,Sports events,Festivals,Workshops,Music,Exhibitions,Food and drink,Health and Wellness,Dance,Fashion,Arts
2020/12/06 5:44:01 PM GMT+1,Friends,Female,20,Fine Arts;Theatre;Literary Art;Photography;Trips and adventurous activities;Entertainment;Parties;Performances;Festivals;Music;Exhibitions;Food and Drink;Dance;Fashion;Arts,100,100,100,0,100,100,0,100,100,0,0,0,100,100,100,100,100,0,100,0,0,100,100
2020/12/06 5:44:49 PM GMT+1,Alone,Male,21,Fine Arts;Theatre;Photography;Trips and adventurous activities;Entertainment;Parties;Performances;Music;Exhibitions;Food and Drink;Arts,0,0,0,0,0,0,0,0,0,0,0,0,0,0,0,0,0,0,0,0,0,0,0
2020/12/06 5:44:55 PM GMT+1,Family,Female,20,Fine Arts;Theatre;Literary Art;Photography;Trips and adventurous activities;Performances;Music;Exhibitions;Food and Drink;Arts,100,0,0,100,100,100,0,50,66.7,100,0,50,0,100,0,100,100,100,0,0,0,0,100
2020/12/06 5:49:21 PM GMT+1,Partner;Friends,Male,25,Theatre;Craft;Photography;Cooking;Comedy;Trips and adventurous activities;Entertainment;Performances;Sports;Festivals,0,100,100,100,100,0,100,100,100,100,100,50,0,100,100,100,100,0,100,100,100,100,100
2020/12/06 5:50:10 PM GMT+1,Alone,Female,20,Fine Arts;Craft;Photography;Trips and adventurous activities;Parties;Festivals;Music;Food and Drink;Fashion;Arts,100,100,100,100,100,100,0,50,100,0,100,100,0,0,0,100,100,0,0,100,100,100,50
2020/12/06 5:50:44 PM GMT+1,Partner;Friends,Female,24,Craft;Photography;Cooking;Comedy;Trips and adventurous activities;Performances;Food and Drink;Dance,0,100,100,0,100,100,0,50,66.7,100,0,50,0,100,100,100,0,0,0,100,100,0,0
2020/12/06 5:53:04 PM GMT+1,Partner,Female,22,Photography;Trips and adventurous activities;Music;Food and Drink;Dance,100,100,100,100,100,100,0,50,100,100,0,50,0,100,100,0,0,0,100,0,100,100,0
2020/12/06 5:53:20 PM GMT+1,Friends,Female,20,Comedy;Yoga;Music;Dance,0,100,100,0,100,0,100,100,66.7,0,0,100,0,0,100,0,0,0,100,0,0,100,0
2020/12/06 5:53:34 PM GMT+1,Partner,Female,21,Trips and adventurous activities;Parties;Festivals;Food and Drink,100,100,100,100,100,100,100,100,66.7,100,0,100,100,100,100,0,100,100,100,100,100,100,100
2020/12/06 5:54:04 PM GMT+1,Friends;Family,Female,21,Fine Arts;Comedy;Trips and adventurous activities;Festivals;Music;Exhibitions;Food and Drink;Arts,100,100,100,100,100,0,0,100,33.5,100,0,0,0,100,0,0,0,0,100,0,100,0,50
2020/12/06 5:57:38 PM GMT+1,Partner;Friends;Family,Male,20,Fine Arts;Photography;Cooking;Trips and adventurous activities;Entertainment;Parties;Performances;Festivals;Music;Exhibitions;Food and Drink;Fashion;Arts,0,0,100,100,100,100,100,50,66.7,100,0,100,0,100,0,100,0,0,100,0,100,100,50
2020/12/06 6:00:52 PM GMT+1,Partner;Friends;Family,Female,19,Fine Arts;Literary Art;Craft;Photography;Trips and adventurous activities;Entertainment;Kids events;Performances;Sports;Festivals;Music;Exhibitions;Food and Drink;Health and Wellness;Dance;Fashion;Arts,100,100,0,100,100,0,0,100,66.7,100,100,0,100,100,100,0,0,100,100,0,100,100,100
2020/12/06 6:01:07 PM GMT+1,Friends;Family,Female,18,Fine Arts;Theatre;Photography;Cooking;Trips and adventurous activities;Entertainment;Parties;Performances;Festivals;Workshops;Music;Exhibitions;Food and Drink;Dance;Fashion;Arts,0,100,100,0,100,100,100,100,66.7,100,0,0,0,100,100,0,0,0,100,0,100,100,50
2020/12/06 6:02:55 PM GMT+1,Family,Male,16,Literary Art;Comedy;Trips and adventurous activities;Sports;Food and Drink,0,0,100,100,0,100,100,50,66.7,0,0,50,0,100,0,0,100,0,100,0,0,0,0
2020/12/06 6:04:34 PM GMT+1,Alone;Partner;Friends;Family,Male,20,Photography;Comedy;Sports;Festivals;Music,100,0,0,0,0,0,0,0,0,0,0,50,0,100,100,0,0,0,0,0,0,0,0
2020/12/06 6:11:35 PM GMT+1,Friends;Family,Female,20,Photography;Trips and adventurous activities;Entertainment;Festivals;Music;Exhibitions;Food and Drink;Dance;Fashion;Arts,0,100,100,100,100,100,100,50,100,100,0,100,0,100,100,100,100,100,100,100,100,100,50
2020/12/06 6:20:16 PM GMT+1,Friends,Female,17,Fine Arts;Theatre;Literary Art;Photography;Cooking;Trips and adventurous activities;Performances;Festivals;Music;Exhibitions;Dance;Fashion;Arts,100,100,0,100,100,100,0,50,66.7,100,0,50,100,0,100,100,0,100,100,0,100,100,50
2020/12/06 6:34:20 PM GMT+1,Friends,Male,19,Trips and adventurous activities;Entertainment;Parties;Performances;Sports;Festivals;Workshops;Music;Exhibitions;Health and Wellness,100,100,100,100,100,0,0,50,100,0,100,100,100,100,100,0,0,0,0,0,100,100,100
2020/12/06 6:37:36 PM GMT+1,Family,Male,18,Comedy;Trips and adventurous activities;Food and Drink;Health and Wellness,0,100,100,100,0,0,0,100,66.7,100,0,0,0,100,0,0,0,100,100,0,0,0,0
2020/12/06 6:41:46 PM GMT+1,Friends,Female,21,Photography;Parties;Music;Dance;Fashion,0,100,0,0,100,100,0,50,100,100,100,100,100,0,100,0,100,0,0,100,100,0,50
2020/12/06 6:50:49 PM GMT+1,Family,Female,44,Photography;Performances;Music;Exhibitions;Food and Drink;Dance,0,100,0,100,100,0,0,100,66.7,0,0,0,0,100,0,100,0,0,100,0,100,100,50
2020/12/06 7:16:27 PM GMT+1,Partner;Friends,Female,20,Fine Arts;Parties;Festivals;Music;Dance;Fashion,0,100,100,100,100,0,0,50,100,0,0,100,100,100,100,100,0,0,0,0,100,100,50
2020/12/06 7:25:50 PM GMT+1,Family,Male,51,Health and Wellness,100,100,100,0,0,0,100,100,0,0,100,0,0,100,100,100,100,100,0,0,100,0,100
2020/12/06 7:28:05 PM GMT+1,Friends,Male,19,Cooking;Comedy;Performances;Festivals;Music;Food and Drink;Dance,0,0,0,100,100,100,100,50,100,0,0,50,0,100,0,0,0,0,100,0,0,100,0
2020/12/06 7:47:40 PM GMT+1,Partner;Friends;Family,Male,22,Photography;Cooking;Entertainment;Parties;Sports;Workshops;Food and Drink;Health and Wellness;Dance,0,100,0,100,100,0,100,100,66.7,0,0,50,0,100,100,100,100,0,100,0,0,0,0
2020/12/06 7:52:13 PM GMT+1,Friends;Family,Female,19,Photography;Cooking;Entertainment;Parties;Performances;Festivals;Music;Food and Drink;Dance;Fashion;Arts,0,100,100,100,100,100,100,100,100,100,0,100,0,100,100,100,100,0,100,0,100,100,0
2020/12/06 7:54:58 PM GMT+1,Family,Female,48,Photography;Trips and adventurous activities;Festivals;Music;Food and Drink;Arts,100,100,100,100,100,100,100,100,100,100,0,50,0,100,0,0,100,0,100,0,100,0,50
2020/12/06 8:21:29 PM GMT+1,Friends,Male,21,Entertainment;Parties;Performances;Food and Drink,0,0,100,0,100,0,0,0,0,0,100,100,0,0,0,0,0,0,100,0,0,0,0
2020/12/06 8:21:33 PM GMT+1,Friends,Male,21,Entertainment;Parties;Performances;Food and Drink,0,0,100,0,100,0,0,0,0,0,100,100,0,0,0,0,0,0,100,0,0,0,0
2020/12/06 8:25:19 PM GMT+1,Friends,Female,20,Photography;Trips and adventurous activities;Festivals;Music;Food and Drink,0,100,0,100,100,0,0,100,66.7,100,0,50,100,100,100,100,100,0,0,0,0,100,50
2020/12/06 8:40:30 PM GMT+1,Partner;Friends,Female,21,Photography;Comedy;Trips and adventurous activities;Entertainment;Parties;Festivals;Music;Food and Drink,0,100,100,100,100,100,100,100,66.7,0,0,100,0,100,100,0,100,0,0,100,0,100,0
2020/12/06 8:43:07 PM GMT+1,Alone;Partner;Friends,Female,21,Fine Arts;Theatre;Photography;Cooking;Comedy;Trips and adventurous activities;Workshops;Music;Exhibitions,100,100,100,100,100,100,100,50,33.5,100,0,0,0,100,100,100,0,100,0,0,0,0,100
2020/12/06 8:43:31 PM GMT+1,Alone,Male,20,Photography;Parties;Sports;Music,100,0,0,0,100,0,0,0,0,0,0,100,0,0,0,0,0,0,100,0,100,0,0
2020/12/06 8:51:40 PM GMT+1,Family,Female,15,Comedy;Trips and adventurous activities;Sports;Festivals;Music;Food and Drink;Dance,0,100,100,0,100,0,100,100,100,100,0,100,0,100,100,100,100,0,100,0,100,100,50
2020/12/06 8:51:52 PM GMT+1,Family,Female,15,Comedy;Trips and adventurous activities;Sports;Festivals;Music;Food and Drink;Dance,0,100,100,0,100,0,100,100,100,100,0,100,0,100,100,100,100,0,100,0,100,100,50
2020/12/06 8:54:56 PM GMT+1,Family,Female,19,Photography;Cooking;Trips and adventurous activities;Parties;Festivals;Food and Drink;Dance,0,100,100,100,100,100,0,100,100,0,0,100,0,100,0,100,100,100,100,0,100,100,100
2020/12/06 8:59:53 PM GMT+1,Partner,Female,15,Festivals,0,100,100,100,100,100,100,100,100,100,100,100,100,100,100,100,100,100,100,100,100,100,100
2020/12/06 9:04:10 PM GMT+1,Partner;Friends;Family,Female,16,Photography;Trips and adventurous activities;Entertainment;Parties;Performances;Sports;Festivals;Music;Food and Drink;Dance;Fashion,0,100,100,100,100,100,100,100,100,0,0,100,0,100,0,100,0,0,0,0,100,100,100
2020/12/06 9:06:31 PM GMT+1,Partner;Friends;Family,Female,22,Photography;Cooking;Trips and adventurous activities;Entertainment;Parties;Music;Food and Drink;Health and Wellness;Dance,0,100,100,100,100,100,100,100,100,100,0,50,0,100,0,100,0,0,0,0,100,100,0
2020/12/06 9:07:52 PM GMT+1,Friends,Female,16,Photography,0,100,0,0,100,0,0,0,0,0,0,0,0,0,0,0,0,0,0,0,0,0,0
2020/12/06 9:08:19 PM GMT+1,Alone;Partner,Female,15,Photography;Music,0,0,0,100,100,0,0,0,0,0,0,0,0,0,0,100,0,0,0,0,0,100,0
2020/12/06 9:12:30 PM GMT+1,Friends,Female,15,Photography;Music;Arts,100,0,100,0,0,0,0,0,0,0,0,0,0,0,100,0,0,0,0,0,0,100,0
2020/12/06 9:12:38 PM GMT+1,Friends;Family,Female,14,Photography;Parties;Festivals;Music;Dance,0,100,100,0,100,0,0,0,66.7,100,0,50,100,0,0,100,0,0,0,0,100,100,0
2020/12/06 9:14:11 PM GMT+1,Family,Male,14,Trips and adventurous activities;Performances;Festivals,0,100,100,100,0,0,100,50,66.7,100,0,50,0,100,0,0,0,0,100,0,100,0,0
2020/12/06 9:14:53 PM GMT+1,Friends,Male,16,Sports,100,100,100,100,0,0,0,0,66.7,0,100,50,100,0,0,100,100,0,100,100,0,100,50
2020/12/06 9:22:09 PM GMT+1,Friends;Family,Female,15,Photography;Parties;Festivals;Music;Dance;Fashion,100,100,0,0,100,0,0,0,0,0,0,100,0,100,0,0,0,0,0,0,100,100,100
2020/12/06 9:22:28 PM GMT+1,Partner;Friends,Male,15,Sports,0,0,0,0,100,100,100,50,66.7,0,100,100,0,100,0,100,100,0,100,0,0,100,50
2020/12/06 9:23:16 PM GMT+1,Friends,Male,16,Parties;Sports,100,100,100,100,100,100,100,100,100,100,100,100,100,100,100,100,100,100,100,100,100,100,100
2020/12/06 9:25:17 PM GMT+1,Friends;Family,Female,15,Photography;Trips and adventurous activities;Entertainment;Parties;Festivals;Music;Food and Drink;Dance;Fashion,100,100,100,0,100,0,100,100,100,0,0,50,0,100,100,0,100,0,100,0,0,100,0
2020/12/06 9:26:13 PM GMT+1,Friends;Family,Female,13,Fine Arts;Comedy;Trips and adventurous activities;Entertainment;Festivals;Music;Arts,100,100,100,100,100,0,100,100,66.7,100,100,50,100,100,100,0,100,0,100,100,100,100,100
2020/12/06 9:27:46 PM GMT+1,Family,Female,15,Photography;Trips and adventurous activities;Festivals;Food and Drink,0,100,0,0,100,0,0,0,33.5,100,0,50,0,100,0,0,0,0,100,0,100,100,50
2020/12/06 9:32:20 PM GMT+1,Friends;Family,Female,16,Theatre;Photography;Cooking;Comedy;Trips and adventurous activities;Entertainment;Yoga;Parties;Performances;Sports;Festivals;Workshops;Music;Food and Drink;Health and Wellness;Dance;Fashion;Arts,0,0,100,100,100,100,100,100,66.7,0,100,100,100,100,100,100,100,0,0,0,100,100,100
2020/12/06 9:32:37 PM GMT+1,Friends,Female,19,Fine Arts;Comedy;Trips and adventurous activities;Entertainment;Parties;Performances;Festivals;Music;Exhibitions;Food and Drink;Health and Wellness;Fashion,0,100,100,100,100,100,100,50,66.7,100,100,100,0,100,100,100,0,0,100,100,100,100,100
2020/12/06 9:33:31 PM GMT+1,Friends;Family,Female,15,Photography;Trips and adventurous activities;Parties;Festivals;Fashion,0,100,0,0,100,0,100,50,100,0,0,50,0,100,0,0,0,0,0,0,100,100,0
2020/12/06 9:33:39 PM GMT+1,Friends,Female,15,Fine Arts;Literary Art;Craft;Photography;Cooking;Comedy;Trips and adventurous activities;Yoga;Parties;Performances;Festivals;Music;Food and Drink;Health and Wellness;Dance;Fashion;Arts,100,100,100,100,100,100,0,50,66.7,100,100,100,0,100,100,100,100,0,0,0,0,100,100
2020/12/06 9:33:46 PM GMT+1,Friends;Family,Female,17,Trips and adventurous activities;Fashion,100,100,100,100,100,100,100,100,66.7,100,100,0,0,100,0,0,0,0,0,0,100,100,50
2020/12/06 9:33:50 PM GMT+1,Friends,Female,15,Photography;Comedy;Sports;Festivals;Music;Food and Drink;Dance,0,0,100,100,100,0,100,0,0,100,0,50,100,100,100,0,0,0,0,0,100,100,0
2020/12/06 9:34:36 PM GMT+1,Friends;Family,Male,16,Photography;Trips and adventurous activities;Entertainment;Festivals;Food and Drink,100,0,100,0,100,0,100,0,66.7,0,0,100,100,100,0,100,0,0,100,0,0,100,50
2020/12/06 9:36:31 PM GMT+1,Friends,Female,15,Photography,100,100,100,100,100,100,100,100,100,100,100,100,100,100,100,0,0,0,100,0,0,100,50
2020/12/06 9:36:37 PM GMT+1,Friends,Female,14,Parties,100,100,0,100,100,0,100,0,33.5,0,0,100,100,0,100,0,0,0,0,100,0,100,100
2020/12/06 9:36:41 PM GMT+1,Partner,Male,18,Fine Arts;Theatre;Photography;Cooking;Comedy;Entertainment;Parties;Performances;Sports;Festivals;Music;Exhibitions;Food and Drink;Dance;Fashion;Arts,0,100,100,100,100,0,100,50,100,100,0,100,100,100,0,100,0,0,100,0,0,0,0
2020/12/06 9:40:53 PM GMT+1,Partner;Friends;Family,Female,15,Cooking;Trips and adventurous activities;Entertainment;Parties;Performances;Festivals;Music;Food and Drink;Health and Wellness;Fashion,0,100,0,0,0,100,100,100,100,100,100,100,100,100,100,100,0,0,100,100,100,0,0
2020/12/06 9:56:37 PM GMT+1,Family,Male,15,Comedy;Sports;Arts,100,100,0,0,100,0,100,100,33.5,100,100,100,0,0,100,0,100,0,100,0,0,100,50
2020/12/06 10:06:42 PM GMT+1,Family,Female,32,Trips and adventurous activities;Entertainment;Kids events;Parties;Performances;Music;Food and Drink,0,100,0,100,100,100,100,50,66.7,0,0,0,0,100,0,100,100,0,100,0,100,0,0
2020/12/06 10:07:59 PM GMT+1,Friends,Female,16,Trips and adventurous activities;Entertainment;Parties;Sports;Festivals;Music;Food and Drink;Dance;Fashion,0,0,0,0,100,0,0,100,100,0,0,100,0,100,100,100,0,0,100,0,100,100,50
2020/12/06 10:11:41 PM GMT+1,Family,Female,15,Photography;Trips and adventurous activities;Parties;Music;Food and Drink;Fashion;Arts,100,100,100,100,100,100,100,50,100,0,0,0,0,100,100,100,100,100,0,0,100,100,100
2020/12/06 10:14:37 PM GMT+1,Partner;Friends;Family,Female,15,Literary Art;Photography;Entertainment;Parties;Festivals;Music;Food and Drink;Health and Wellness;Dance;Fashion,0,100,100,100,100,0,0,50,66.7,100,0,100,0,0,100,0,0,0,100,0,100,100,50
2020/12/06 10:24:31 PM GMT+1,Friends,Female,16,Photography;Parties;Sports;Dance,100,100,0,100,100,0,0,50,66.7,0,0,100,100,100,100,0,100,0,100,100,100,100,50
2020/12/06 10:46:51 PM GMT+1,Friends,Female,24,Photography;Yoga;Parties;Workshops;Food and Drink;Health and Wellness;Fashion,100,100,0,0,0,0,100,50,66.7,100,0,100,100,100,0,0,0,0,0,0,100,100,0
2020/12/06 10:49:30 PM GMT+1,Friends,Female,18,Trips and adventurous activities,100,100,100,100,100,100,0,50,100,0,0,100,100,0,0,100,0,0,0,0,100,100,100
2020/12/06 10:58:15 PM GMT+1,Friends,Female,25,Trips and adventurous activities;Entertainment;Parties;Festivals;Exhibitions;Food and Drink;Fashion,0,100,100,0,100,100,100,50,66.7,0,0,100,0,100,0,100,100,0,100,0,0,100,100
2020/12/06 11:25:08 PM GMT+1,Friends,Male,17,Photography;Sports;Music,100,100,100,100,100,0,100,50,100,0,0,100,100,100,100,100,100,0,0,100,100,100,50
2020/12/06 11:45:29 PM GMT+1,Partner,Female,18,Photography;Trips and adventurous activities;Festivals;Music;Exhibitions;Food and Drink;Dance;Arts,100,100,100,100,100,0,100,0,33.5,100,0,100,0,100,0,100,0,0,0,0,100,0,50
2020/12/06 11:58:38 PM GMT+1,Family,Male,14,Photography;Performances;Sports;Workshops;Music;Exhibitions;Food and Drink;Arts,100,100,0,100,100,0,0,100,66.7,100,0,50,0,100,100,100,0,0,0,0,100,100,50
2020/12/07 12:51:57 AM GMT+1,Friends,Female,17,Fine Arts;Photography;Trips and adventurous activities;Entertainment;Parties;Festivals;Music;Food and Drink;Dance;Fashion;Arts,100,100,100,0,100,0,0,100,100,100,0,100,0,100,100,100,100,100,100,0,100,100,50
2020/12/07 12:52:29 AM GMT+1,Partner;Friends;Family,Female,19,Craft;Cooking;Yoga;Parties;Performances;Festivals;Workshops;Music;Exhibitions;Food and Drink;Health and Wellness;Fashion;Arts,100,100,100,100,100,100,100,100,100,100,0,100,100,100,100,100,100,100,100,100,100,100,100
2020/12/07 12:52:47 AM GMT+1,Alone,Female,20,Photography;Trips and adventurous activities;Entertainment;Parties;Performances;Festivals;Music;Food and Drink;Dance,0,0,100,100,100,100,100,50,66.7,0,0,100,0,100,0,0,0,100,0,0,0,0,50
2020/12/07 12:53:23 AM GMT+1,Partner;Friends;Family,Female,19,Fine Arts;Craft;Photography;Trips and adventurous activities;Performances;Festivals;Music;Exhibitions;Food and Drink;Fashion;Arts,100,0,0,100,100,0,0,0,66.7,100,100,50,0,100,100,100,100,100,100,100,0,100,100
2020/12/07 12:53:51 AM GMT+1,Friends,Female,18,Photography;Entertainment;Parties;Performances;Festivals;Music;Exhibitions;Food and Drink;Arts,0,0,0,100,100,0,0,0,66.7,0,100,100,0,0,100,0,0,0,100,0,0,100,50
2020/12/07 12:54:01 AM GMT+1,Alone;Partner;Friends;Family,Female,21,Photography;Trips and adventurous activities;Entertainment;Parties;Performances;Festivals;Music;Exhibitions;Food and Drink;Fashion,0,100,0,100,100,100,0,50,33.5,100,0,0,0,0,0,0,0,0,100,0,100,100,50
2020/12/07 12:54:39 AM GMT+1,Partner;Friends;Family,Male,22,Craft;Comedy;Trips and adventurous activities,0,0,100,100,0,0,100,50,33.5,0,0,100,0,0,0,0,0,0,0,0,0,0,50
2020/12/07 12:55:11 AM GMT+1,Partner,Female,20,Trips and adventurous activities;Entertainment;Parties;Performances;Sports;Festivals;Music;Health and Wellness;Dance;Fashion,100,100,0,100,0,100,0,50,100,100,0,50,0,100,100,100,100,100,100,0,100,100,100
2020/12/07 12:55:29 AM GMT+1,Friends,Female,21,Fine Arts;Photography;Trips and adventurous activities;Festivals;Food and Drink,100,100,0,0,100,100,0,50,66.7,100,100,100,0,0,0,100,100,100,100,0,100,100,50
2020/12/07 12:55:55 AM GMT+1,Friends,Female,20,Theatre;Photography;Trips and adventurous activities;Entertainment;Festivals,100,100,100,100,100,100,0,100,66.7,100,100,50,100,100,100,100,100,100,100,0,100,100,50
2020/12/07 12:57:03 AM GMT+1,Partner;Friends;Family,Female,16,Photography;Trips and adventurous activities;Entertainment;Performances;Festivals;Music;Fashion;Arts,0,0,100,100,100,100,100,50,66.7,100,0,100,0,100,100,100,100,0,100,0,0,100,50
2020/12/07 12:57:15 AM GMT+1,Partner;Friends,Female,17,Fine Arts;Theatre;Literary Art;Craft;Photography;Cooking;Comedy;Trips and adventurous activities;Entertainment;Parties;Performances;Festivals;Workshops;Music;Food and Drink;Fashion;Arts,100,100,100,100,100,100,100,100,100,100,100,50,100,100,100,100,100,100,100,100,100,100,100
2020/12/07 12:58:17 AM GMT+1,Alone;Partner;Friends;Family,Female,20,Fine Arts;Theatre;Photography;Cooking;Comedy;Trips and adventurous activities;Entertainment;Parties;Festivals;Music;Exhibitions;Food and Drink;Health and Wellness;Dance;Fashion;Arts,100,0,0,100,100,100,0,100,100,100,0,100,0,100,100,0,100,100,100,0,0,100,100
2020/12/07 12:58:59 AM GMT+1,Friends;Family,Female,19,Photography;Trips and adventurous activities;Parties;Festivals;Music;Food and Drink;Fashion;Arts,0,100,100,0,100,0,0,100,100,0,0,0,0,100,100,100,0,100,100,0,100,100,100
2020/12/07 12:59:22 AM GMT+1,Partner;Friends;Family,Female,19,Theatre;Photography;Comedy;Trips and adventurous activities;Entertainment;Parties;Performances;Sports;Festivals;Music;Food and Drink;Dance;Fashion,0,100,100,100,100,100,100,100,100,100,0,100,100,100,100,100,100,0,100,0,100,100,50
2020/12/07 1:01:27 AM GMT+1,Friends,Female,15,Arts,100,0,100,100,100,0,0,100,100,0,100,100,0,100,0,100,100,100,100,0,0,100,100
2020/12/07 1:02:16 AM GMT+1,Partner;Friends,Male,21,Photography;Trips and adventurous activities;Entertainment;Performances;Sports;Festivals;Music,0,0,100,100,100,100,0,100,66.7,100,0,50,0,100,100,0,0,0,100,0,0,0,0
2020/12/07 1:02:20 AM GMT+1,Alone;Friends,Male,19,Photography;Trips and adventurous activities;Entertainment;Sports;Workshops;Exhibitions,100,0,100,0,100,0,0,50,33.5,0,0,0,0,100,0,0,0,100,0,0,0,100,50
2020/12/07 1:02:59 AM GMT+1,Friends,Female,19,Trips and adventurous activities;Parties;Performances;Sports;Exhibitions;Food and Drink;Dance,0,0,100,100,100,100,100,50,100,100,100,0,0,100,100,100,0,100,100,0,100,100,0
2020/12/07 1:04:28 AM GMT+1,Partner;Friends,Female,17,Comedy;Trips and adventurous activities;Entertainment;Festivals;Music;Fashion;Arts,0,0,100,100,100,0,100,50,33.5,0,0,100,0,0,0,100,100,0,100,0,0,100,50
2020/12/07 1:05:53 AM GMT+1,Friends,Female,21,Fine Arts;Theatre;Cooking;Trips and adventurous activities;Entertainment;Parties;Performances;Festivals;Workshops;Music;Exhibitions;Food and Drink;Dance;Fashion;Arts,100,100,100,100,0,0,0,100,100,100,0,100,100,0,100,0,0,0,100,0,0,100,100
2020/12/07 1:06:19 AM GMT+1,Friends,Female,19,Fine Arts;Literary Art;Craft;Photography;Cooking;Comedy;Trips and adventurous activities;Parties;Sports;Festivals;Workshops;Music;Exhibitions;Food and Drink;Fashion;Arts,100,0,0,100,100,100,0,50,100,100,100,100,100,100,100,100,100,100,100,0,0,100,100
2020/12/07 1:07:09 AM GMT+1,Friends,Female,20,Cooking;Comedy;Trips and adventurous activities;Parties;Sports;Festivals;Music;Food and Drink,100,0,100,100,0,100,100,50,66.7,100,100,100,0,100,100,100,0,0,100,0,0,100,0
2020/12/07 1:07:22 AM GMT+1,Friends,Male,19,Fine Arts;Theatre;Literary Art;Photography;Trips and adventurous activities;Parties;Music;Dance;Arts,100,0,100,100,100,0,100,100,100,100,0,100,0,100,100,100,100,100,100,0,100,100,100
2020/12/07 1:07:33 AM GMT+1,Alone;Partner;Friends;Family,Female,20,Fine Arts;Photography;Trips and adventurous activities;Parties;Sports;Festivals;Music;Exhibitions;Food and Drink;Fashion;Arts,100,0,100,100,100,100,100,50,66.7,100,100,0,0,100,0,100,100,100,0,0,0,100,0
2020/12/07 1:07:58 AM GMT+1,Partner;Friends,Female,22,Literary Art;Trips and adventurous activities;Performances;Festivals;Music;Exhibitions;Food and Drink,0,0,100,0,0,0,0,50,33.5,0,0,50,100,100,0,0,0,100,0,0,0,0,50
2020/12/07 1:09:20 AM GMT+1,Alone;Partner;Friends,Male,20,Fine Arts;Literary Art;Photography;Comedy;Trips and adventurous activities;Entertainment;Parties;Performances;Festivals;Music;Exhibitions;Food and Drink;Fashion;Arts,100,0,100,100,100,100,100,50,66.7,100,0,100,100,100,100,100,100,100,100,0,0,100,100
2020/12/07 1:09:44 AM GMT+1,Partner,Female,20,Photography;Trips and adventurous activities;Food and Drink;Fashion,100,100,100,100,100,100,100,100,66.7,0,100,0,0,100,0,100,0,0,100,0,0,100,100
2020/12/07 1:12:29 AM GMT+1,Friends;Family,Female,20,Theatre;Craft;Photography;Cooking;Comedy;Trips and adventurous activities;Entertainment;Parties;Performances;Festivals;Workshops;Music;Exhibitions;Food and Drink;Dance,100,0,100,100,100,0,100,100,100,100,0,100,0,100,100,0,0,100,100,0,100,0,100
2020/12/07 1:14:43 AM GMT+1,Friends,Female,20,Fine Arts;Photography;Cooking;Comedy;Trips and adventurous activities;Parties;Performances;Festivals;Music;Food and Drink;Dance;Fashion;Arts,100,100,100,100,100,100,100,50,100,100,100,100,0,100,100,100,100,0,100,0,100,100,50
2020/12/07 1:17:47 AM GMT+1,Partner,Female,18,Photography;Cooking;Trips and adventurous activities;Music;Food and Drink,0,100,100,100,100,100,100,100,100,100,0,100,0,100,0,100,0,0,100,0,100,100,50
2020/12/07 1:18:20 AM GMT+1,Partner;Friends,Female,20,Parties;Festivals;Music;Food and Drink;Fashion,0,0,0,100,100,100,0,100,100,0,0,50,0,0,100,100,0,0,100,0,0,100,50
2020/12/07 1:21:05 AM GMT+1,Friends,Female,19,Theatre;Photography;Comedy;Trips and adventurous activities;Entertainment;Parties;Festivals;Music;Exhibitions;Food and Drink;Arts,100,100,100,100,100,100,100,50,100,0,100,0,100,100,0,0,0,100,100,0,0,100,100
2020/12/07 1:21:56 AM GMT+1,Friends,Female,19,Fine Arts;Photography;Trips and adventurous activities;Parties;Performances;Festivals;Exhibitions,100,100,100,100,100,0,100,100,100,100,100,100,100,100,100,100,100,100,100,0,0,100,100
2020/12/07 1:23:02 AM GMT+1,Partner;Friends;Family,Female,20,Photography;Trips and adventurous activities;Entertainment;Parties;Festivals;Food and Drink;Dance;Fashion;Arts,100,100,0,100,100,0,0,100,100,0,0,0,0,100,100,100,0,0,100,0,100,100,100
2020/12/07 1:24:23 AM GMT+1,Family,Female,19,Theatre;Trips and adventurous activities;Festivals;Food and Drink;Arts,100,100,100,100,100,100,100,100,100,100,100,100,0,100,100,100,0,100,100,100,100,100,100
2020/12/07 1:25:38 AM GMT+1,Friends,Female,18,Photography;Parties;Performances;Festivals;Music;Food and Drink;Fashion,0,100,0,100,100,0,0,50,100,100,100,100,0,0,0,100,100,0,100,0,0,100,0
2020/12/07 1:25:49 AM GMT+1,Friends,Male,21,Photography;Comedy;Trips and adventurous activities;Parties;Sports;Festivals;Music;Food and Drink;Dance;Fashion,100,100,100,100,100,100,100,50,66.7,100,100,50,0,0,100,0,0,0,100,0,0,100,100
2020/12/07 1:25:55 AM GMT+1,Partner;Friends,Female,18,Photography;Trips and adventurous activities;Entertainment;Parties;Sports;Festivals;Workshops;Music;Exhibitions;Food and Drink;Fashion,100,100,100,100,100,0,0,100,100,100,0,100,0,100,100,0,100,100,100,0,100,100,100
2020/12/07 1:26:03 AM GMT+1,Friends;Family,Female,21,Trips and adventurous activities;Entertainment;Parties;Performances;Festivals;Music;Exhibitions;Food and Drink;Fashion,0,0,100,100,0,0,100,50,66.7,100,0,100,0,100,0,0,100,0,0,0,0,100,50
2020/12/07 1:31:08 AM GMT+1,Friends,Male,20,Trips and adventurous activities;Entertainment;Parties;Sports;Festivals;Music,0,100,100,0,0,100,0,100,66.7,0,0,100,0,0,100,100,0,0,0,0,100,0,0
2020/12/07 1:31:08 AM GMT+1,Partner;Friends,Female,18,Fine Arts;Photography;Comedy;Trips and adventurous activities;Entertainment;Festivals;Music;Exhibitions;Food and Drink;Fashion;Arts,100,0,100,100,100,100,0,50,66.7,100,0,0,0,100,100,100,100,0,100,0,0,100,100
2020/12/07 1:33:34 AM GMT+1,Alone;Partner;Friends,Female,18,Fine Arts;Trips and adventurous activities;Entertainment;Parties;Festivals;Music;Exhibitions;Food and Drink;Fashion;Arts,100,0,0,100,100,100,0,100,66.7,0,0,50,0,100,0,100,100,100,0,0,100,100,100
2020/12/07 1:38:01 AM GMT+1,Friends,Male,21,Comedy;Trips and adventurous activities;Entertainment;Parties;Sports;Festivals;Music;Food and Drink,100,100,100,100,100,0,100,100,100,0,0,100,0,100,0,0,0,0,100,0,0,100,100
2020/12/07 1:38:07 AM GMT+1,Friends,Male,21,Comedy;Trips and adventurous activities;Entertainment;Parties;Sports;Festivals;Music;Food and Drink,100,100,100,100,100,0,100,100,100,0,0,100,0,100,0,0,0,0,100,0,0,100,100
2020/12/07 1:45:10 AM GMT+1,Partner,Female,21,Trips and adventurous activities;Music;Dance,100,100,100,100,100,0,100,50,100,0,0,100,0,100,0,100,0,0,100,0,100,100,50
2020/12/07 1:48:56 AM GMT+1,Friends,Female,18,Trips and adventurous activities;Entertainment;Parties;Festivals;Workshops;Music;Exhibitions;Food and Drink;Dance;Arts,100,0,100,100,100,100,100,50,100,0,100,100,0,0,0,100,100,0,100,0,100,100,50
2020/12/07 1:49:17 AM GMT+1,Partner;Friends,Female,21,Photography;Cooking;Trips and adventurous activities;Entertainment;Parties;Performances;Festivals;Music;Exhibitions;Food and Drink;Dance;Fashion;Arts,100,0,0,100,100,100,100,100,100,100,0,100,0,100,100,100,0,0,0,0,100,100,50
2020/12/07 1:52:41 AM GMT+1,Friends,Female,18,Fine Arts;Theatre;Photography;Parties;Performances;Festivals;Workshops;Music;Exhibitions;Food and Drink;Dance;Fashion;Arts,100,0,0,0,100,0,0,50,66.7,100,0,100,0,0,100,100,100,100,100,0,100,100,100
2020/12/07 1:54:17 AM GMT+1,Alone;Partner;Friends,Female,18,Photography;Comedy;Trips and adventurous activities;Entertainment;Parties;Festivals;Workshops;Music;Food and Drink;Health and Wellness;Dance;Fashion;Arts,100,0,100,100,100,100,100,100,66.7,100,100,100,0,100,100,100,0,0,100,100,0,100,100
2020/12/07 1:58:38 AM GMT+1,Friends,Female,17,Fine Arts;Theatre;Literary Art;Craft;Photography;Cooking;Comedy;Trips and adventurous activities;Entertainment;Parties;Performances;Festivals;Workshops;Music;Exhibitions;Food and Drink;Dance;Fashion;Arts,100,100,100,100,100,100,0,50,100,100,0,100,100,100,100,100,100,100,100,0,100,100,100
2020/12/07 2:22:28 AM GMT+1,Friends,Female,18,Trips and adventurous activities;Parties;Festivals;Music;Food and Drink;Dance;Fashion,0,0,100,100,100,100,100,100,100,0,100,100,0,100,0,0,100,0,100,0,100,100,0
2020/12/07 2:23:01 AM GMT+1,Friends,Female,18,Trips and adventurous activities;Entertainment;Parties;Festivals;Music;Exhibitions;Dance,100,100,100,100,100,0,100,100,100,0,0,100,0,100,100,100,100,0,0,0,100,100,50
2020/12/07 2:26:25 AM GMT+1,Alone;Partner;Friends;Family,Male,21,Literary Art;Photography;Trips and adventurous activities;Entertainment;Sports;Workshops;Music;Food and Drink;Health and Wellness,0,0,100,100,100,0,100,50,33.5,0,100,50,0,100,0,0,0,100,0,100,0,100,0
2020/12/07 2:32:36 AM GMT+1,Friends,Female,20,Fine Arts;Literary Art;Craft;Photography;Trips and adventurous activities;Entertainment;Kids events;Parties;Performances;Sports;Festivals;Music;Exhibitions;Food and Drink;Dance;Fashion;Arts,100,100,100,100,100,100,100,100,100,100,0,100,100,100,100,100,100,100,100,100,100,100,100
2020/12/07 2:38:12 AM GMT+1,Friends,Female,21,Fine Arts;Theatre;Literary Art;Cooking;Festivals;Music;Food and Drink;Fashion;Arts,100,0,100,100,100,0,100,50,66.7,100,0,100,100,100,0,0,100,100,100,100,100,100,100
2020/12/07 2:45:53 AM GMT+1,Alone;Friends,Female,18,Fine Arts;Literary Art;Photography;Parties;Performances;Festivals;Music;Fashion;Arts,100,0,0,0,100,100,100,0,66.7,100,0,100,0,100,0,100,100,100,0,0,100,100,100
2020/12/07 2:52:27 AM GMT+1,Alone;Family,Male,21,Fine Arts;Photography;Trips and adventurous activities;Entertainment;Performances;Festivals;Exhibitions;Food and Drink;Fashion,100,0,100,100,100,100,100,50,66.7,0,0,50,0,100,0,0,0,0,100,0,100,100,100
2020/12/07 3:09:03 AM GMT+1,Partner;Friends;Family,Male,20,Fine Arts;Photography;Comedy;Trips and adventurous activities;Entertainment;Parties;Performances;Festivals;Music;Food and Drink;Health and Wellness;Dance,100,0,100,100,100,100,100,50,100,100,100,100,100,0,100,100,100,100,100,0,0,0,100
2020/12/07 3:16:25 AM GMT+1,Partner;Friends,Male,21,Trips and adventurous activities;Entertainment;Yoga;Parties;Sports;Music;Food and Drink;Health and Wellness,0,100,100,100,100,0,0,50,100,100,100,0,0,100,100,0,0,0,100,100,100,0,0
2020/12/07 3:32:42 AM GMT+1,Friends,Female,25,Literary Art;Photography;Comedy;Trips and adventurous activities;Yoga;Parties;Festivals;Music;Exhibitions;Health and Wellness;Fashion,100,0,100,100,100,100,100,0,100,100,100,100,100,0,100,100,0,0,100,100,0,100,100
2020/12/07 4:01:18 AM GMT+1,Partner,Male,18,Fine Arts;Entertainment;Parties;Sports;Festivals;Music;Arts,0,0,100,100,100,100,100,100,100,0,0,100,0,0,0,100,100,0,100,0,0,0,50
2020/12/07 6:34:17 AM GMT+1,Friends;Family,Female,18,Trips and adventurous activities;Entertainment;Parties;Festivals;Music;Food and Drink;Dance,100,0,100,0,100,0,0,100,66.7,100,0,100,100,0,100,100,0,0,100,0,0,100,0
2020/12/07 6:58:23 AM GMT+1,Friends;Family,Female,16,Photography;Trips and adventurous activities;Entertainment;Parties;Food and Drink,0,100,0,0,100,100,100,100,100,0,0,100,0,0,0,0,0,0,0,0,100,100,0
2020/12/07 7:20:54 AM GMT+1,Family,Male,13,Yoga;Workshops;Music;Dance,100,100,100,100,100,100,100,100,100,100,100,100,100,100,100,0,0,0,0,0,0,0,0
2020/12/07 7:25:28 AM GMT+1,Friends,Female,15,Photography;Trips and adventurous activities;Parties;Performances;Festivals;Music;Fashion;Arts,100,100,0,100,100,0,0,100,66.7,100,0,50,0,100,100,100,100,0,100,0,100,100,100
2020/12/07 7:32:41 AM GMT+1,Friends,Female,16,Photography;Food and Drink;Fashion;Arts,0,0,0,100,100,100,0,50,66.7,100,100,0,0,100,100,100,100,0,100,0,0,100,50
2020/12/07 7:41:04 AM GMT+1,Partner;Friends;Family,Male,21,Trips and adventurous activities;Entertainment;Parties;Festivals;Food and Drink;Health and Wellness;Arts,0,100,100,0,100,100,100,50,66.7,0,0,50,0,100,0,100,100,0,100,0,100,100,50
2020/12/07 7:52:08 AM GMT+1,Friends,Female,19,Fine Arts;Theatre;Literary Art;Photography;Trips and adventurous activities;Yoga;Festivals;Music;Exhibitions;Dance;Arts,100,100,100,100,100,0,0,50,66.7,0,100,50,100,100,100,100,100,100,0,100,100,100,100
2020/12/07 8:08:09 AM GMT+1,Family,Female,18,Fine Arts;Photography;Cooking;Trips and adventurous activities;Entertainment;Yoga;Parties;Performances;Festivals;Music;Food and Drink;Dance;Fashion;Arts,0,0,0,100,0,100,0,50,66.7,100,0,100,0,100,100,100,0,0,0,0,0,0,0
2020/12/07 8:27:57 AM GMT+1,Family,Female,19,Photography;Trips and adventurous activities;Entertainment;Parties;Festivals;Music;Food and Drink;Fashion;Arts,100,0,100,100,100,100,100,100,66.7,100,100,100,0,100,0,0,100,100,100,0,100,100,100
2020/12/07 8:40:01 AM GMT+1,Friends;Family,Female,17,Trips and adventurous activities;Parties;Festivals;Music;Health and Wellness;Dance;Fashion,0,100,100,100,100,100,100,50,100,100,0,100,0,0,100,100,0,0,0,0,100,100,0
2020/12/07 9:05:56 AM GMT+1,Partner;Friends,Male,20,Theatre;Exhibitions;Food and Drink,100,100,0,100,0,0,0,100,100,100,0,50,0,100,0,100,0,100,100,0,100,100,0
2020/12/07 9:08:05 AM GMT+1,Friends,Female,17,Photography;Cooking;Comedy;Entertainment;Parties;Performances;Sports;Festivals;Workshops;Music;Food and Drink;Health and Wellness;Dance;Fashion;Arts,0,100,0,100,100,0,0,100,66.7,0,100,50,0,0,0,0,0,0,100,0,0,0,50
2020/12/07 9:08:13 AM GMT+1,Friends,Female,17,Photography;Cooking;Comedy;Entertainment;Parties;Performances;Sports;Festivals;Workshops;Music;Food and Drink;Health and Wellness;Dance;Fashion;Arts,0,100,0,100,100,0,0,100,66.7,0,100,50,0,0,0,0,0,0,100,0,0,0,50
2020/12/07 9:08:22 AM GMT+1,Friends,Female,17,Photography;Cooking;Comedy;Entertainment;Parties;Performances;Sports;Festivals;Workshops;Music;Food and Drink;Health and Wellness;Dance;Fashion;Arts,0,100,0,100,100,0,0,100,66.7,0,100,50,0,0,0,0,0,0,100,0,0,0,50
2020/12/07 9:11:39 AM GMT+1,Alone,Female,20,Photography;Food and Drink,100,100,0,100,100,100,0,0,66.7,0,0,100,100,100,0,0,100,0,0,0,0,0,100
2020/12/07 9:45:18 AM GMT+1,Partner;Friends,Female,17,Fine Arts;Theatre;Literary Art;Photography;Trips and adventurous activities;Yoga;Parties;Performances;Festivals;Workshops;Music;Exhibitions;Food and Drink;Dance;Fashion;Arts,100,100,100,100,100,100,100,100,100,100,100,50,0,100,100,100,100,100,100,100,100,100,100
2020/12/07 9:45:30 AM GMT+1,Partner;Friends;Family,Female,30,Photography;Trips and adventurous activities;Sports;Festivals;Food and Drink;Health and Wellness,0,100,100,0,100,100,100,50,0,100,0,50,0,0,0,0,0,0,100,0,100,0,0
2020/12/07 10:24:57 AM GMT+1,Friends;Family,Female,19,Photography;Comedy;Trips and adventurous activities;Entertainment;Parties;Festivals;Music;Food and Drink;Dance;Fashion;Arts,100,100,100,100,100,0,100,100,100,100,0,100,0,100,0,100,0,0,100,0,100,100,50
2020/12/07 10:38:35 AM GMT+1,Friends,Female,18,Photography;Cooking;Trips and adventurous activities;Entertainment;Yoga;Parties;Festivals;Exhibitions;Food and Drink;Fashion,100,0,100,100,100,100,100,100,66.7,100,100,100,0,100,0,100,0,100,100,100,100,100,100
2020/12/07 10:50:20 AM GMT+1,Alone;Friends,Female,21,Theatre;Photography;Trips and adventurous activities;Parties;Music;Arts,0,0,0,100,0,100,0,50,66.7,100,100,50,100,100,100,100,0,100,100,0,0,0,50
2020/12/07 11:33:38 AM GMT+1,Friends,Female,18,Theatre;Photography;Cooking;Trips and adventurous activities;Parties;Performances;Festivals;Workshops;Music;Exhibitions;Food and Drink;Dance;Fashion;Arts,100,100,100,100,100,100,100,100,100,100,100,100,100,100,100,100,100,100,100,100,100,100,100
2020/12/07 12:00:18 PM GMT+1, Alone;Partner;Friends;Family,Male,27,Entertainment;Festivals;Music;Food and Drink,100,100,100,100,100,100,100,50,100,100,0,100,100,100,100,0,100,100,100,0,100,100,100
2020/12/07 12:13:44 PM GMT+1,Partner;Friends,Female,22,Fine Arts;Photography;Trips and adventurous activities;Entertainment;Parties;Performances;Festivals;Music;Food and Drink;Dance;Fashion;Arts,100,0,0,100,100,100,0,100,66.7,100,100,100,0,100,0,100,0,0,100,0,100,100,100
2020/12/07 12:16:11 PM GMT+1,Partner;Friends,Female,21,Fine Arts;Theatre;Parties;Festivals;Workshops;Music;Dance;Arts,100,100,0,100,100,100,100,100,100,100,0,100,0,100,100,100,100,0,100,0,100,0,0
2020/12/07 12:40:23 PM GMT+1,Alone,Male,21,Entertainment;Parties;Festivals;Music;Food and Drink;Arts,100,100,0,0,0,100,0,0,66.7,0,0,50,0,0,100,100,0,0,100,0,0,0,100
2020/12/07 12:45:05 PM GMT+1,Friends,Male,21,Fine Arts;Theatre;Literary Art;Photography;Trips and adventurous activities;Parties;Performances;Sports;Festivals;Music;Arts,100,100,0,100,100,0,0,50,66.7,0,100,100,100,0,100,100,100,100,100,0,0,100,100
2020/12/07 12:49:29 PM GMT+1,Alone;Partner;Friends;Family,Male,20,Fine Arts;Photography;Cooking;Trips and adventurous activities;Performances;Festivals;Music;Exhibitions;Food and Drink,100,100,0,100,100,100,100,100,66.7,100,0,0,0,100,100,100,0,0,100,0,0,100,50
2020/12/07 12:52:28 PM GMT+1,Partner;Family,Male,19,Trips and adventurous activities;Performances;Music;Food and Drink,0,0,100,0,100,100,100,0,0,100,0,0,0,0,0,100,0,0,100,0,100,0,0
2020/12/07 12:53:49 PM GMT+1,Alone,Male,21,Entertainment;Parties;Festivals;Music;Food and Drink,0,0,0,100,0,0,0,50,33.5,100,0,0,0,0,0,0,0,0,100,0,0,0,0
2020/12/07 12:56:33 PM GMT+1,Friends,Male,20,Photography;Comedy;Trips and adventurous activities;Parties;Sports;Festivals;Music;Food and Drink,0,0,0,100,100,100,0,0,33.5,0,0,100,0,100,0,100,100,0,0,0,0,0,0
2020/12/07 1:00:47 PM GMT+1,Friends,Male,21,Photography;Cooking;Trips and adventurous activities;Parties;Festivals,0,0,0,100,0,0,0,0,33.5,0,100,0,0,0,0,0,0,0,100,0,0,0,0
2020/12/07 1:05:22 PM GMT+1,Alone;Friends,Male,22,Theatre;Trips and adventurous activities;Entertainment;Food and Drink;Arts,100,0,0,100,100,100,0,50,66.7,0,0,0,0,100,0,100,0,100,100,0,0,0,0
2020/12/07 1:05:32 PM GMT+1,Family,Female,36,Fine Arts;Trips and adventurous activities;Kids events;Performances;Food and Drink;Arts,100,100,0,0,0,0,0,100,0,0,0,0,0,100,0,0,0,0,100,0,0,0,100
2020/12/07 1:11:26 PM GMT+1,Alone;Partner;Friends;Family,Male,11,Photography;Entertainment;Food and Drink,100,0,100,0,100,0,100,50,33.5,100,0,50,100,0,100,0,100,0,100,0,100,0,100
2020/12/07 1:14:17 PM GMT+1,Alone;Friends,Male,20,Entertainment;Parties;Festivals,0,0,100,0,0,0,100,100,66.7,0,0,50,0,0,0,0,0,0,100,0,100,0,0
2020/12/07 1:16:52 PM GMT+1,Partner;Friends;Family,Male,15,Photography;Cooking;Trips and adventurous activities;Food and Drink,0,100,100,100,100,0,100,100,66.7,0,0,0,0,100,100,0,0,0,100,0,0,100,0
2020/12/07 1:19:09 PM GMT+1,Alone;Partner;Friends;Family,Female,19,Photography;Performances;Festivals;Food and Drink,0,0,0,0,100,100,0,0,33.5,100,0,50,0,0,0,0,0,0,100,0,0,0,0
2020/12/07 1:20:28 PM GMT+1,Partner;Friends;Family,Male,20,Craft;Trips and adventurous activities;Entertainment;Workshops;Arts,0,0,0,100,0,0,0,50,66.7,0,0,0,0,0,0,0,100,0,100,0,0,0,50
2020/12/07 1:24:59 PM GMT+1,Alone;Partner;Friends;Family,Male,21,Fine Arts;Theatre;Photography;Trips and adventurous activities;Entertainment;Parties;Performances;Festivals;Music;Exhibitions;Food and Drink;Dance;Arts,100,100,100,100,100,100,100,50,100,100,100,100,0,100,0,100,100,100,100,100,0,0,100
2020/12/07 1:33:55 PM GMT+1,Partner;Friends,Male,22,Fine Arts;Craft;Photography;Trips and adventurous activities;Entertainment;Parties;Performances;Festivals;Workshops;Music;Exhibitions;Food and Drink;Fashion;Arts,100,0,100,100,100,0,100,50,66.7,100,100,100,0,100,100,100,100,100,100,0,100,100,100
2020/12/07 2:07:48 PM GMT+1,Alone;Partner;Family,Male,18,Photography;Cooking;Trips and adventurous activities;Sports;Exhibitions;Food and Drink;Arts,100,0,0,100,0,100,0,50,66.7,100,0,0,0,100,0,100,0,100,100,0,0,0,0
2020/12/07 2:27:13 PM GMT+1,Family,Female,14,Trips and adventurous activities,0,100,100,0,100,100,100,100,33.5,100,0,100,0,100,0,0,0,0,100,0,0,100,0
2020/12/07 2:44:54 PM GMT+1,Friends,Female,20,Photography;Comedy;Entertainment;Parties,0,100,100,100,100,0,100,100,66.7,0,0,50,100,100,0,0,0,0,0,0,100,100,50
2020/12/07 2:49:20 PM GMT+1,Partner;Friends,Male,20,Photography;Trips and adventurous activities;Entertainment;Performances;Sports;Music;Food and Drink;Arts,0,100,100,0,100,0,100,100,66.7,100,0,100,0,100,0,0,100,100,100,0,100,0,100
2020/12/07 2:49:39 PM GMT+1,Partner;Friends,Female,21,Cooking;Trips and adventurous activities;Festivals;Workshops;Food and Drink;Fashion,0,100,100,0,100,100,100,50,100,0,0,0,100,100,100,100,0,0,100,0,100,100,0
2020/12/07 2:50:23 PM GMT+1,Partner;Friends;Family,Female,20,Fine Arts;Theatre;Literary Art;Craft;Photography;Cooking;Comedy;Trips and adventurous activities;Entertainment;Performances;Sports;Festivals;Workshops;Music;Food and Drink;Health and Wellness;Dance;Fashion;Arts,100,100,0,100,100,100,100,50,33.5,100,100,50,100,100,100,100,100,100,100,0,100,100,100
2020/12/07 2:50:40 PM GMT+1,Friends;Family,Female,22,Photography;Entertainment;Parties;Performances;Music;Exhibitions;Food and Drink;Health and Wellness;Fashion,0,0,100,100,100,100,100,0,100,0,0,100,0,100,100,100,100,0,100,100,100,100,50
2020/12/07 2:53:36 PM GMT+1,Alone;Partner;Friends,Female,21,Fine Arts;Craft;Photography;Comedy;Parties;Festivals;Food and Drink;Arts,100,0,100,0,100,0,100,50,66.7,100,0,0,0,100,0,100,0,100,100,0,100,100,50
2020/12/07 2:54:23 PM GMT+1,Partner;Friends;Family,Female,21,Fine Arts;Theatre;Photography;Trips and adventurous activities;Entertainment;Parties;Festivals;Music;Food and Drink,0,100,100,0,100,0,100,50,66.7,0,0,100,0,100,0,100,100,0,0,0,100,100,50
2020/12/07 2:57:36 PM GMT+1,Friends,Male,21,Trips and adventurous activities,100,100,100,100,100,100,100,100,100,100,100,100,100,100,100,100,100,100,100,100,100,100,100
2020/12/07 3:11:14 PM GMT+1,Friends,Male,20,Photography;Cooking;Trips and adventurous activities;Entertainment;Parties;Sports;Festivals;Music;Food and Drink;Arts,0,0,0,0,100,100,100,50,66.7,100,0,0,0,0,0,0,0,0,100,0,0,100,100
2020/12/07 3:14:43 PM GMT+1,Friends,Male,21,Photography;Parties;Festivals;Music;Food and Drink;Fashion,0,100,100,100,100,100,100,50,66.7,100,100,50,100,100,0,0,100,0,100,0,100,100,100
2020/12/07 3:15:37 PM GMT+1,Friends,Female,21,Fashion,0,100,0,0,0,0,100,50,33.5,100,0,100,0,0,100,100,0,0,100,100,100,0,100
2020/12/07 3:21:54 PM GMT+1,Friends,Female,19,Fine Arts;Photography;Trips and adventurous activities;Entertainment;Parties;Festivals;Music;Food and Drink;Dance;Arts,100,100,100,100,100,100,100,100,100,100,100,100,100,100,100,100,100,100,100,100,100,100,100
2020/12/07 3:22:21 PM GMT+1,Partner;Friends,Female,19,Photography;Cooking;Trips and adventurous activities;Parties;Performances;Festivals;Dance,100,100,100,100,100,100,100,100,100,100,100,100,100,100,100,100,100,100,100,100,100,100,100
2020/12/07 3:23:26 PM GMT+1,Alone;Partner;Friends;Family,Female,19,Fine Arts;Theatre;Cooking;Trips and adventurous activities;Entertainment;Parties;Performances;Sports;Festivals;Music;Exhibitions;Food and Drink;Dance;Fashion;Arts,100,100,100,100,100,100,100,100,100,100,100,100,0,100,100,100,100,100,100,0,100,100,100
2020/12/07 3:25:03 PM GMT+1,Friends,Female,19,Fine Arts;Photography;Cooking;Comedy;Entertainment;Parties;Music;Food and Drink;Arts,100,0,100,100,100,100,100,100,100,100,0,100,0,100,100,100,100,100,100,0,100,0,50
2020/12/07 3:26:44 PM GMT+1,Friends,Female,19,Fine Arts;Theatre;Photography;Trips and adventurous activities;Entertainment;Parties;Sports;Festivals;Food and Drink;Dance,100,100,0,100,100,0,0,50,66.7,0,100,100,0,0,0,100,100,100,0,0,100,100,50
2020/12/07 3:28:10 PM GMT+1,Family,Male,16,Trips and adventurous activities,100,100,100,100,100,0,100,100,66.7,0,0,0,0,100,0,100,0,0,100,0,100,100,100
2020/12/07 3:30:52 PM GMT+1,Partner;Friends,Female,18,Theatre;Entertainment;Parties;Festivals;Music;Food and Drink;Dance;Fashion,100,100,100,100,100,100,100,100,100,100,0,100,100,100,0,100,100,0,0,0,100,100,100
2020/12/07 3:33:53 PM GMT+1,Alone;Partner;Friends;Family,Female,23,Fine Arts;Theatre;Craft;Photography;Cooking;Trips and adventurous activities;Entertainment;Parties;Performances;Festivals;Workshops;Music;Exhibitions;Food and Drink;Dance;Arts,100,100,100,100,100,100,100,100,100,100,100,100,100,100,100,100,100,100,100,100,100,100,100
2020/12/07 3:34:32 PM GMT+1,Partner,Male,18,Comedy;Trips and adventurous activities;Sports;Music,0,0,100,0,100,100,100,0,100,0,0,100,0,100,100,0,100,0,0,0,100,0,50
2020/12/07 3:34:43 PM GMT+1,Partner,Male,20,Fine Arts;Photography;Trips and adventurous activities;Entertainment;Festivals;Food and Drink,100,100,0,100,100,100,0,50,66.7,100,0,0,0,100,0,100,0,0,0,0,0,0,50
2020/12/07 3:37:14 PM GMT+1,Alone;Partner;Friends;Family,Male,20,Theatre;Photography;Festivals;Music;Food and Drink;Arts,100,0,0,0,100,100,100,50,100,0,0,0,0,100,100,100,100,0,0,0,100,0,50
2020/12/07 3:37:52 PM GMT+1,Partner;Friends;Family,Male,21,Entertainment;Festivals;Workshops;Music;Exhibitions;Food and Drink,0,100,100,0,100,100,100,50,66.7,0,0,50,0,100,100,0,0,0,100,0,100,0,100
2020/12/07 3:39:02 PM GMT+1,Friends,Male,16,Trips and adventurous activities;Entertainment;Parties;Festivals;Music;Food and Drink;Health and Wellness,0,100,100,100,100,0,0,100,66.7,0,0,100,0,100,0,0,0,0,0,0,0,0,0
2020/12/07 3:41:52 PM GMT+1,Friends,Male,18,Music,100,0,0,100,100,0,100,50,66.7,100,0,0,100,100,0,100,100,100,0,100,100,100,50
2020/12/07 3:42:24 PM GMT+1,Partner,Male,69,Theatre;Photography;Entertainment;Kids events;Parties;Performances;Sports;Festivals;Workshops;Music;Food and Drink;Health and Wellness;Dance;Fashion;Arts,0,100,100,100,100,0,100,50,66.7,100,100,0,0,0,100,100,100,100,100,100,100,100,0
2020/12/07 3:42:54 PM GMT+1,Friends,Female,20,Fine Arts;Theatre;Photography;Comedy;Trips and adventurous activities;Entertainment;Festivals;Workshops;Music;Exhibitions;Food and Drink;Health and Wellness;Dance,100,100,100,100,100,100,0,50,33.5,0,100,50,0,100,100,100,0,100,100,0,100,100,100
2020/12/07 3:44:19 PM GMT+1,Partner;Friends,Male,17,Trips and adventurous activities;Entertainment;Parties;Performances;Sports;Music,100,100,100,100,0,100,100,100,100,100,0,100,0,100,0,0,0,0,100,0,100,0,0
2020/12/07 3:45:46 PM GMT+1,Partner;Friends,Male,19,Trips and adventurous activities;Entertainment;Parties;Sports;Festivals;Music;Food and Drink,0,0,100,0,0,0,0,50,66.7,0,0,100,0,0,0,0,100,0,100,0,0,100,0
2020/12/07 3:46:25 PM GMT+1,Partner,Female,20,Fashion,0,0,100,100,100,0,100,0,66.7,100,0,100,0,0,0,0,0,0,0,0,0,100,0
2020/12/07 3:46:52 PM GMT+1,Alone,Male,58,Literary Art;Cooking;Trips and adventurous activities;Kids events;Yoga;Parties;Sports;Workshops;Music;Exhibitions;Dance;Fashion;Arts,100,100,100,100,100,100,100,100,100,100,100,100,100,100,100,100,0,0,0,0,0,0,50
2020/12/07 3:48:26 PM GMT+1,Partner;Friends;Family,Male,43,Fine Arts;Literary Art;Craft;Photography;Cooking;Comedy;Yoga;Parties;Workshops;Music;Food and Drink;Dance;Fashion;Arts,0,0,0,0,0,0,0,0,0,100,100,100,100,100,100,100,100,0,0,0,0,0,0
2020/12/07 3:50:02 PM GMT+1,Partner,Female,53,Photography;Trips and adventurous activities;Exhibitions;Food and Drink;Health and Wellness,100,0,100,0,100,100,100,50,66.7,0,0,50,0,100,0,100,100,0,100,0,100,100,50
2020/12/07 3:52:26 PM GMT+1,Partner,Male,19,Health and Wellness,100,100,0,0,100,100,0,50,66.7,0,0,50,0,100,100,100,0,100,100,0,100,100,0
2020/12/07 3:54:21 PM GMT+1,Partner,Male,39,Music;Dance,100,0,100,0,100,0,100,50,33.5,100,0,50,100,0,100,100,100,100,100,100,0,100,50
2020/12/07 3:55:29 PM GMT+1,Friends,Male,21,Photography;Trips and adventurous activities;Entertainment;Parties;Performances;Sports;Festivals;Music;Food and Drink;Health and Wellness;Dance;Arts,100,0,100,100,100,0,0,100,100,100,100,100,0,100,0,0,100,0,100,0,100,0,0
2020/12/07 3:57:31 PM GMT+1,Friends,Male,32,Photography;Entertainment;Parties;Performances;Festivals;Workshops;Music;Exhibitions;Food and Drink;Health and Wellness,100,0,100,100,0,100,100,0,66.7,100,100,50,0,100,0,100,0,100,0,100,0,100,50
2020/12/07 3:57:50 PM GMT+1,Friends,Female,21,Photography;Trips and adventurous activities;Entertainment;Parties;Festivals;Music;Food and Drink,100,100,100,100,100,0,100,100,100,100,0,50,0,100,0,100,0,0,100,100,100,100,100
2020/12/07 3:59:28 PM GMT+1,Friends,Female,16,Photography;Sports,100,100,100,100,100,100,100,100,100,100,100,100,100,100,100,100,100,100,100,100,100,100,100
2020/12/07 3:59:41 PM GMT+1,Alone,Male,21,Trips and adventurous activities;Entertainment;Sports;Festivals;Music;Food and Drink,0,0,0,0,100,0,100,100,66.7,0,0,0,0,100,0,0,0,0,100,0,100,0,0
2020/12/07 4:03:34 PM GMT+1,Family,Male,16,Comedy;Entertainment;Sports;Workshops,0,0,100,100,100,0,100,100,0,100,0,0,0,100,100,100,0,0,0,0,100,0,0
2020/12/07 4:09:18 PM GMT+1,Friends,Male,16,Trips and adventurous activities,0,100,100,0,100,100,100,50,66.7,0,100,50,0,100,0,0,0,0,100,0,100,100,0
2020/12/07 4:09:19 PM GMT+1,Partner;Family,Male,18,Parties;Sports;Festivals;Music;Food and Drink,100,0,100,0,100,100,0,50,66.7,0,0,0,100,100,100,0,0,0,100,100,0,0,100
2020/12/07 4:11:54 PM GMT+1,Friends;Family,Male,16,Photography;Festivals;Music,0,100,100,100,100,0,100,0,100,100,100,100,0,100,100,100,0,0,100,0,100,100,50
2020/12/07 4:13:10 PM GMT+1,Partner;Friends,Female,19,Fine Arts;Photography;Comedy;Trips and adventurous activities;Entertainment;Parties;Festivals;Music;Food and Drink;Dance;Fashion;Arts,100,100,100,100,100,100,100,100,100,100,100,100,100,100,100,100,0,0,100,0,100,100,50
2020/12/07 4:17:35 PM GMT+1,Friends,Male,16,Trips and adventurous activities;Parties;Performances;Food and Drink,0,0,100,0,100,100,100,50,66.7,0,100,100,0,100,0,100,0,100,100,0,100,100,50
2020/12/07 4:18:58 PM GMT+1,Friends,Male,14,Parties;Performances;Sports;Festivals;Music;Dance,100,0,100,0,100,0,100,50,33.5,100,0,50,100,0,100,0,100,0,100,0,100,0,50
2020/12/07 4:19:17 PM GMT+1,Partner;Friends;Family,Male,21,Theatre;Photography;Trips and adventurous activities;Festivals;Music,0,0,0,0,0,0,0,0,0,0,0,0,0,0,0,0,0,0,0,0,0,0,0
2020/12/07 4:29:11 PM GMT+1,Partner;Friends;Family,Female,28,Photography;Trips and adventurous activities;Festivals;Food and Drink,100,100,0,0,100,100,0,50,0,0,0,0,0,100,0,0,0,0,0,0,0,0,0
2020/12/07 4:32:48 PM GMT+1,Alone,Female,49,Photography;Cooking;Trips and adventurous activities;Food and Drink;Health and Wellness,0,0,0,0,100,100,0,0,0,0,0,0,0,100,0,100,0,0,0,0,100,0,0
2020/12/07 4:35:13 PM GMT+1,Family,Male,51,Trips and adventurous activities,0,0,0,0,100,0,0,100,33.5,0,0,0,0,100,0,100,0,0,0,0,100,0,0
2020/12/07 4:35:16 PM GMT+1,Partner;Friends;Family,Male,20,Theatre;Photography;Cooking;Comedy;Trips and adventurous activities;Entertainment;Yoga;Performances;Sports,100,0,100,100,0,100,0,50,100,100,100,50,100,100,0,100,0,0,100,0,0,100,50
2020/12/07 4:40:36 PM GMT+1,Partner,Male,17,Craft;Photography;Comedy;Trips and adventurous activities;Entertainment;Parties;Festivals;Music;Exhibitions;Food and Drink;Dance,0,100,100,0,100,0,100,100,100,100,0,100,0,100,100,100,0,0,100,0,100,0,50
2020/12/07 4:42:48 PM GMT+1,Partner;Friends;Family,Male,17,Theatre;Craft;Photography;Cooking;Trips and adventurous activities;Performances;Sports;Workshops;Music;Food and Drink;Health and Wellness;Dance;Fashion;Arts,100,100,100,0,100,100,100,100,66.7,100,100,100,100,100,100,100,0,100,100,100,100,100,100
2020/12/07 4:45:09 PM GMT+1,Friends,Male,20,Photography;Comedy;Trips and adventurous activities;Entertainment;Parties;Performances;Sports;Festivals;Music;Exhibitions;Food and Drink,0,0,100,100,100,0,100,50,66.7,0,0,100,0,100,0,0,100,0,100,0,0,0,50
2020/12/07 4:46:41 PM GMT+1,Friends,Male,23,Cooking,100,100,100,100,100,100,100,0,0,0,100,50,0,100,0,0,0,0,0,0,0,100,0
2020/12/07 4:53:09 PM GMT+1,Partner;Friends;Family,Female,21,Fine Arts;Literary Art;Trips and adventurous activities;Entertainment;Parties;Performances;Festivals;Music;Food and Drink;Dance;Arts,100,0,100,100,100,100,100,50,66.7,100,100,100,0,100,100,100,100,100,100,0,0,100,100
2020/12/07 4:53:25 PM GMT+1,Alone;Partner;Friends,Female,21,Fine Arts;Theatre;Craft;Photography;Cooking;Comedy;Trips and adventurous activities;Entertainment;Parties;Performances;Sports;Festivals;Music;Exhibitions;Food and Drink;Fashion,100,100,100,100,100,100,100,100,100,100,0,100,0,100,0,100,100,100,100,0,100,100,100
2020/12/07 4:58:09 PM GMT+1,Alone;Friends;Family,Male,21,Fine Arts;Theatre;Craft;Photography;Cooking;Trips and adventurous activities;Entertainment;Kids events;Sports;Festivals;Music;Exhibitions;Food and Drink;Arts,100,100,100,100,100,100,100,100,66.7,100,0,100,100,100,100,0,100,100,100,0,100,0,100
2020/12/07 5:01:17 PM GMT+1,Friends,Female,21,Fine Arts;Theatre;Literary Art;Photography;Cooking;Trips and adventurous activities;Festivals;Music;Food and Drink;Dance;Fashion;Arts,100,100,100,100,100,100,100,100,100,100,100,100,100,100,100,100,100,100,100,100,100,100,100
2020/12/07 5:01:54 PM GMT+1,Partner,Female,22,Fine Arts;Cooking;Trips and adventurous activities;Parties;Performances;Festivals;Music;Food and Drink;Fashion;Arts,100,0,0,0,100,100,0,0,66.7,100,0,50,0,100,0,100,0,0,0,0,0,100,50
2020/12/07 5:04:02 PM GMT+1,Friends;Family,Male,20,Fine Arts;Literary Art;Photography;Trips and adventurous activities;Entertainment;Performances;Music;Food and Drink;Arts,100,0,0,0,100,0,0,0,0,100,0,0,0,100,100,0,100,100,0,0,0,0,100
2020/12/07 5:04:03 PM GMT+1,Friends,Female,20,Fine Arts;Theatre;Trips and adventurous activities;Parties;Performances;Festivals;Music;Exhibitions;Food and Drink;Dance;Fashion;Arts,100,0,0,100,0,0,0,50,66.7,0,0,100,100,100,0,0,0,100,0,0,100,100,100
2020/12/07 5:05:08 PM GMT+1,Alone;Friends;Family,Female,22,Fine Arts;Theatre;Literary Art;Trips and adventurous activities;Festivals;Exhibitions;Dance;Arts,100,100,0,100,0,0,0,50,33.5,100,0,100,0,100,100,0,100,0,0,0,0,0,50
2020/12/07 5:08:37 PM GMT+1,Partner,Female,31,Fine Arts;Exhibitions;Arts,0,0,0,0,0,0,0,0,0,100,0,0,0,100,0,100,0,0,0,0,0,0,0
2020/12/07 5:10:39 PM GMT+1,Partner,Male,19,Cooking,100,100,100,0,100,100,100,100,100,100,100,100,0,0,100,100,0,100,0,100,100,0,100
2020/12/07 5:20:08 PM GMT+1,Friends;Family,Male,16,Photography;Trips and adventurous activities;Parties;Sports;Festivals;Music;Food and Drink,0,0,0,100,100,0,0,100,66.7,100,0,50,0,100,0,0,0,0,100,0,100,0,0
2020/12/07 5:42:09 PM GMT+1,Partner;Friends,Male,21,Photography;Trips and adventurous activities;Entertainment;Festivals;Food and Drink;Fashion,0,100,100,100,100,100,0,0,100,100,0,50,100,100,0,100,100,0,100,100,100,100,100
2020/12/07 5:48:46 PM GMT+1,Friends;Family,Female,21,Fine Arts;Theatre;Literary Art;Photography;Trips and adventurous activities;Parties;Festivals;Music;Exhibitions;Food and Drink;Dance;Arts,100,100,100,100,100,100,0,100,66.7,100,0,100,100,100,100,100,100,100,100,0,100,100,100
2020/12/07 6:20:18 PM GMT+1,Family,Male,16,Comedy;Trips and adventurous activities;Entertainment;Parties;Performances;Sports;Music;Food and Drink;Health and Wellness,0,100,100,0,0,100,0,50,66.7,0,100,50,0,100,0,100,0,100,0,100,0,100,0
2020/12/07 6:22:07 PM GMT+1,Alone,Male,22,Trips and adventurous activities;Entertainment;Parties;Sports;Food and Drink,100,0,100,100,100,0,100,50,66.7,0,100,100,0,100,100,100,100,100,100,100,100,100,100
2020/12/07 7:00:05 PM GMT+1,Friends,Male,20,Sports,100,100,100,0,100,100,0,50,33.5,100,100,0,0,0,0,0,0,100,0,0,0,100,50
2020/12/07 7:02:29 PM GMT+1,Friends;Family,Female,19,Trips and adventurous activities;Parties;Festivals;Music;Exhibitions;Food and Drink;Fashion;Arts,100,100,100,100,100,100,100,100,100,100,100,50,100,100,100,100,0,100,100,100,100,100,100
2020/12/07 7:43:20 PM GMT+1,Friends,Male,16,Comedy;Trips and adventurous activities;Music,0,0,100,0,100,0,100,0,100,0,0,100,0,100,0,0,0,0,0,0,0,0,0
2020/12/07 7:45:15 PM GMT+1,Alone;Partner;Friends,Female,23,Fine Arts;Literary Art;Photography;Comedy;Trips and adventurous activities;Entertainment;Performances;Workshops;Food and Drink;Dance;Fashion;Arts,0,0,100,100,100,0,100,50,33.5,100,0,0,100,100,100,0,100,100,100,0,100,0,100
2020/12/07 7:48:08 PM GMT+1,Partner;Friends;Family,Female,19,Fine Arts;Trips and adventurous activities;Parties;Festivals;Music;Fashion;Arts,100,100,0,100,100,0,0,50,100,100,100,50,100,100,100,100,100,100,100,100,100,100,100
2020/12/07 8:40:57 PM GMT+1,Friends;Family,Female,24,Fine Arts;Theatre;Literary Art;Craft;Photography;Trips and adventurous activities;Entertainment;Parties;Performances;Workshops;Music;Exhibitions;Food and Drink;Health and Wellness;Arts,100,100,0,100,100,100,0,100,66.7,0,0,50,100,100,100,100,100,100,0,100,0,0,100
2020/12/07 8:48:14 PM GMT+1,Partner,Female,21,Fine Arts;Photography;Trips and adventurous activities;Yoga;Parties;Performances;Festivals;Workshops;Music;Exhibitions;Arts,100,100,100,100,100,0,100,100,100,100,100,100,100,100,100,100,100,100,100,0,100,100,100
2020/12/07 8:48:33 PM GMT+1,Friends;Family,Female,16,Photography;Trips and adventurous activities;Sports;Music;Food and Drink;Fashion,0,100,100,100,100,0,0,100,100,100,100,0,0,100,0,0,100,0,100,0,0,100,0
2020/12/07 8:51:18 PM GMT+1,Friends,Female,20,Photography;Trips and adventurous activities;Entertainment;Festivals;Food and Drink,100,100,100,100,100,100,100,100,100,100,0,0,0,100,100,100,0,0,100,0,0,100,100
2020/12/07 9:03:54 PM GMT+1,Friends,Male,17,Fine Arts;Photography;Comedy;Trips and adventurous activities;Entertainment;Parties;Performances;Sports;Festivals;Food and Drink;Arts,100,0,100,100,100,0,100,50,100,0,0,100,0,100,0,0,100,0,0,0,0,100,50
2020/12/07 9:36:14 PM GMT+1,Friends,Male,19,Fine Arts;Theatre;Literary Art;Photography;Cooking;Trips and adventurous activities;Parties;Performances;Festivals;Music;Exhibitions;Food and Drink;Arts,100,100,0,100,100,100,100,100,100,100,0,100,100,100,100,100,100,100,100,0,100,0,100
2020/12/07 9:37:45 PM GMT+1,Partner;Friends;Family,Male,19,Trips and adventurous activities;Entertainment;Parties;Festivals;Music;Food and Drink,0,100,0,0,0,0,0,100,100,0,0,100,0,0,100,0,100,0,100,0,100,0,0
2020/12/07 9:40:26 PM GMT+1,Friends,Female,20,Theatre;Photography;Cooking;Comedy;Trips and adventurous activities;Parties;Sports;Festivals;Food and Drink;Arts,0,100,100,100,0,0,100,100,66.7,0,100,100,0,0,100,0,100,0,100,0,100,100,50
2020/12/07 10:04:52 PM GMT+1,Family,Male,46,Photography;Trips and adventurous activities;Exhibitions,0,100,100,0,100,0,0,0,33.5,0,0,0,0,100,0,0,0,0,0,0,0,0,50
2020/12/07 10:28:19 PM GMT+1,Partner;Friends,Female,19,Literary Art;Photography;Trips and adventurous activities;Music;Exhibitions;Food and Drink;Arts,100,100,100,100,100,100,100,100,100,100,0,100,100,100,100,100,100,100,100,100,100,100,100
2020/12/07 10:43:11 PM GMT+1,Alone;Friends;Family,Male,20,Trips and adventurous activities;Entertainment;Parties;Performances;Festivals;Music;Exhibitions;Food and Drink;Fashion,0,0,100,0,100,0,0,50,66.7,0,0,50,0,0,0,0,0,0,100,0,0,100,0
2020/12/07 10:45:09 PM GMT+1,Friends;Family,Female,18,Photography;Trips and adventurous activities;Entertainment;Parties;Performances;Festivals;Music;Food and Drink;Dance;Fashion;Arts,100,100,100,100,100,100,0,100,100,0,0,100,100,100,0,100,0,0,100,0,100,100,0
2020/12/07 10:51:10 PM GMT+1,Partner;Friends,Female,21,Fine Arts;Literary Art;Trips and adventurous activities;Entertainment;Parties;Performances;Festivals;Music;Fashion;Arts,0,0,0,0,100,0,0,50,100,100,100,0,0,100,0,100,100,0,0,0,0,100,50
2020/12/07 11:09:14 PM GMT+1,Friends,Female,21,Theatre;Cooking;Trips and adventurous activities;Festivals;Food and Drink;Arts,100,100,100,100,100,100,100,100,100,100,100,100,100,100,100,100,100,100,100,100,100,100,100
2020/12/08 8:42:58 AM GMT+1,Friends;Family,Female,46,Parties;Performances;Food and Drink,0,100,100,0,100,100,0,50,66.7,100,0,50,0,100,0,100,100,0,100,0,100,100,50
2020/12/08 8:43:14 AM GMT+1,Partner;Friends,Male,22,Fine Arts;Theatre;Photography;Cooking;Parties;Festivals;Music;Food and Drink;Fashion,100,100,100,100,100,0,100,50,33.5,0,0,50,0,100,100,100,0,0,100,0,100,100,50
2020/12/08 3:34:14 PM GMT+1,Friends;Family,Female,15,Photography;Cooking;Music;Food and Drink;Health and Wellness,0,100,100,100,100,100,100,50,66.7,0,0,50,100,100,0,100,100,0,100,100,100,100,50
2020/12/08 3:36:55 PM GMT+1,Friends,Female,13,Trips and adventurous activities;Sports;Music;Food and Drink;Arts,100,100,0,100,100,0,0,50,33.5,0,100,50,0,100,0,100,0,0,100,0,100,100,0
2020/12/08 3:55:11 PM GMT+1,Family,Female,46,Fine Arts;Trips and adventurous activities;Arts,0,0,100,0,100,0,100,100,100,100,0,0,0,100,0,100,100,0,100,0,100,100,100
2020/12/08 5:23:06 PM GMT+1,Family,Male,53,Trips and adventurous activities;Food and Drink,100,100,0,100,100,100,0,50,100,0,0,50,0,100,0,100,0,0,100,0,100,0,50
2020/12/08 5:42:12 PM GMT+1,Family,Female,53,Fine Arts;Theatre;Trips and adventurous activities;Entertainment;Parties;Performances;Festivals;Music;Exhibitions;Food and Drink;Dance;Arts,100,100,100,100,100,100,100,100,100,100,100,100,100,100,100,100,100,100,100,100,100,100,100
2020/12/08 5:52:22 PM GMT+1,Family,Male,48,Fine Arts;Theatre;Craft;Comedy;Trips and adventurous activities;Entertainment;Parties;Sports;Festivals;Exhibitions;Food and Drink;Arts,0,100,100,100,0,100,100,0,66.7,100,0,100,0,100,100,100,100,100,100,0,100,100,50
2020/12/08 5:55:48 PM GMT+1,Family,Male,18,Entertainment;Music,0,0,0,0,0,0,0,50,100,0,0,0,0,100,0,0,0,0,100,0,0,0,0
2020/12/08 6:02:55 PM GMT+1,Family,Female,51,Literary Art;Cooking;Comedy;Parties;Performances;Festivals;Music;Food and Drink;Dance;Fashion;Arts,0,100,100,0,100,100,100,50,100,100,0,0,100,100,0,100,0,100,100,0,100,100,50
2020/12/08 6:07:57 PM GMT+1,Family,Female,45,Comedy;Trips and adventurous activities;Entertainment;Arts,0,100,100,0,100,100,100,50,66.7,100,0,0,0,100,100,100,100,100,100,0,100,0,50
2020/12/08 6:09:38 PM GMT+1,Friends;Family,Female,50,Theatre;Cooking;Trips and adventurous activities;Festivals;Workshops;Food and Drink;Health and Wellness;Arts,100,0,0,0,100,0,0,0,33.5,0,0,0,0,100,0,0,100,0,100,0,0,0,50
2020/12/08 6:10:08 PM GMT+1,Partner,Female,52,Music,100,100,0,100,100,100,0,50,66.7,0,0,50,0,100,0,100,0,100,100,0,100,100,50
2020/12/08 6:12:49 PM GMT+1,Friends;Family,Female,40,Fine Arts;Entertainment;Festivals;Exhibitions;Food and Drink;Arts,0,0,0,100,0,0,0,50,33.5,0,0,50,0,0,0,0,100,0,100,0,0,0,0
2020/12/08 6:14:26 PM GMT+1,Partner,Female,21,Fine Arts;Photography;Cooking;Trips and adventurous activities;Entertainment;Festivals;Food and Drink;Health and Wellness;Fashion;Arts,100,100,0,100,100,0,0,50,66.7,100,0,0,0,100,0,0,0,0,100,0,100,100,50
2020/12/08 6:19:16 PM GMT+1,Alone;Partner,Male,58,Trips and adventurous activities;Performances;Music;Exhibitions;Food and Drink,0,0,0,100,0,0,0,50,0,0,0,0,0,0,0,0,0,0,0,0,0,0,0
2020/12/08 6:22:23 PM GMT+1,Partner,Female,52,Craft;Cooking;Entertainment;Exhibitions;Food and Drink;Fashion;Arts,100,0,0,100,100,100,100,50,33.5,100,0,50,0,100,0,100,0,100,0,0,0,0,50
2020/12/08 6:25:23 PM GMT+1,Friends,Female,43,Photography;Entertainment;Music;Food and Drink;Fashion;Arts,100,100,100,0,100,100,100,100,100,100,0,100,100,100,100,100,100,0,100,0,100,100,100
2020/12/08 6:28:07 PM GMT+1,Friends;Family,Male,15,Sports;Music;Food and Drink,100,100,100,100,100,100,100,100,100,100,100,100,100,100,100,100,100,100,100,100,100,100,100
2020/12/08 6:58:06 PM GMT+1,Friends,Male,43,Cooking;Sports;Food and Drink,0,0,100,100,0,100,100,50,66.7,100,100,50,0,100,0,100,0,0,0,0,100,100,50
2020/12/08 7:49:30 PM GMT+1,Family,Female,49,Fine Arts;Trips and adventurous activities;Entertainment;Parties;Festivals;Food and Drink;Fashion;Arts,0,100,100,100,100,100,100,100,100,100,0,50,100,100,100,100,100,0,100,0,100,100,100
2020/12/08 8:07:17 PM GMT+1,Friends,Female,37,Trips and adventurous activities,0,100,100,100,100,0,0,100,66.7,0,0,50,0,0,100,0,0,0,100,0,100,0,0
2020/12/08 8:09:34 PM GMT+1,Family,Female,48,Festivals,0,100,0,100,100,100,0,50,0,0,0,100,0,100,100,100,100,0,0,0,0,100,0
2020/12/08 8:10:20 PM GMT+1,Partner;Friends,Female,50,Fine Arts;Trips and adventurous activities;Entertainment;Yoga;Performances;Exhibitions;Food and Drink;Fashion;Arts,100,0,0,100,100,0,0,0,66.7,0,0,50,0,100,0,100,100,100,0,100,0,100,100
2020/12/08 8:12:20 PM GMT+1,Family,Female,38,Entertainment,0,100,100,0,100,100,100,50,66.7,0,100,0,100,100,0,0,0,0,100,0,100,100,100
2020/12/08 8:13:03 PM GMT+1,Family,Female,47,Music,100,100,100,0,100,0,0,100,33.5,100,100,50,100,100,100,0,0,0,100,0,100,100,50
2020/12/08 8:17:47 PM GMT+1,Friends;Family,Female,16,Fine Arts;Theatre;Craft;Photography;Cooking;Comedy;Trips and adventurous activities;Entertainment;Parties;Sports;Festivals;Workshops;Music;Food and Drink;Health and Wellness;Dance;Fashion;Arts,0,100,100,100,100,100,100,100,100,100,100,50,100,100,100,100,100,0,100,0,100,100,50
2020/12/08 8:27:52 PM GMT+1,Friends;Family,Female,46,Fine Arts;Photography;Trips and adventurous activities;Music;Food and Drink;Arts,100,100,0,100,100,100,0,100,33.5,100,0,100,100,100,100,0,100,0,100,0,100,100,50
2020/12/08 8:29:56 PM GMT+1,Family,Female,45,Fine Arts;Photography;Trips and adventurous activities;Entertainment,100,100,100,100,100,0,100,50,66.7,100,0,50,0,100,100,100,100,100,100,0,100,100,100
2020/12/08 8:31:06 PM GMT+1,Family,Female,39,Craft;Trips and adventurous activities;Performances;Festivals;Food and Drink;Fashion,100,100,0,100,100,100,0,50,100,100,0,50,100,0,100,100,100,0,0,0,100,100,50
2020/12/08 8:31:17 PM GMT+1,Alone,Female,19,Cooking;Trips and adventurous activities;Music;Exhibitions,0,100,100,100,100,100,0,100,33.5,0,0,50,0,100,100,100,100,100,0,0,100,100,50
2020/12/08 8:35:46 PM GMT+1,Partner;Friends;Family,Female,19,Fine Arts;Theatre;Literary Art;Craft;Trips and adventurous activities;Yoga;Festivals;Workshops;Music;Exhibitions;Dance;Arts,100,100,100,100,100,0,100,50,0,100,0,100,100,100,100,100,0,100,100,100,100,0,100
2020/12/08 8:40:34 PM GMT+1,Family,Female,50,Photography;Trips and adventurous activities;Entertainment;Festivals;Workshops;Music;Exhibitions;Food and Drink;Health and Wellness;Dance;Fashion;Arts,0,100,0,100,100,100,100,100,100,100,100,100,100,100,100,100,100,100,100,100,100,100,100
2020/12/08 8:42:50 PM GMT+1,Partner,Female,19,Photography;Parties;Festivals;Workshops;Music;Food and Drink;Dance;Arts,0,0,100,0,100,0,0,0,33.5,0,0,100,100,100,0,0,0,0,0,0,100,100,0
2020/12/08 8:44:59 PM GMT+1,Family,Female,31,Cooking;Comedy;Kids events;Festivals;Music;Food and Drink;Health and Wellness;Fashion,0,100,100,0,100,100,0,0,0,0,0,0,0,0,0,0,0,0,100,0,0,0,0
2020/12/08 8:47:44 PM GMT+1,Friends,Female,48,Cooking;Music;Food and Drink;Dance,0,100,0,100,0,100,100,0,66.7,0,0,100,0,100,0,100,100,0,100,0,100,100,50
2020/12/08 8:50:37 PM GMT+1,Friends,Female,48,Theatre;Cooking;Festivals;Food and Drink;Dance;Fashion;Arts,0,100,0,100,0,100,100,50,100,0,0,100,0,100,0,100,0,0,100,0,100,100,100
2020/12/08 8:56:38 PM GMT+1,Partner,Female,42,Theatre;Cooking;Trips and adventurous activities;Entertainment;Music;Food and Drink;Arts,0,100,0,100,100,100,0,50,66.7,100,0,50,100,100,100,100,100,0,100,0,100,100,100
2020/12/08 9:03:48 PM GMT+1,Family,Male,50,Theatre;Photography;Cooking;Comedy;Trips and adventurous activities;Entertainment;Parties;Music;Exhibitions;Food and Drink;Arts,100,0,0,100,100,100,0,0,100,0,0,0,0,0,0,0,0,0,100,0,100,100,0
2020/12/08 9:09:07 PM GMT+1,Partner,Male,51,Food and Drink,100,100,100,100,100,100,100,100,100,100,100,100,100,100,100,100,100,100,100,100,100,100,100
2020/12/08 9:14:33 PM GMT+1,Friends;Family,Female,45,Theatre;Craft;Photography;Trips and adventurous activities;Entertainment;Performances;Festivals;Workshops;Exhibitions;Food and Drink,0,100,0,100,100,0,0,50,33.5,100,0,50,0,0,100,0,100,100,0,0,100,0,50
2020/12/08 9:17:13 PM GMT+1,Friends;Family,Female,46,Craft;Cooking;Entertainment;Kids events;Festivals;Music;Food and Drink;Health and Wellness;Fashion,100,100,0,0,100,100,0,50,33.5,100,100,50,100,100,100,0,0,0,100,0,100,100,0
2020/12/08 9:19:24 PM GMT+1,Family,Female,40,Trips and adventurous activities;Entertainment,0,100,0,0,0,100,0,50,66.7,0,0,0,0,100,0,100,0,0,0,0,100,100,50
2020/12/08 9:19:27 PM GMT+1,Partner;Friends,Female,24,Comedy;Trips and adventurous activities;Parties;Festivals;Food and Drink;Dance,0,0,100,100,100,0,100,50,66.7,100,0,100,0,100,0,100,0,0,0,0,0,0,0
2020/12/08 9:20:11 PM GMT+1,Family,Female,25,Photography;Comedy;Festivals;Music;Health and Wellness;Dance;Fashion;Arts,100,100,100,100,100,100,0,50,100,0,0,100,100,100,100,0,0,0,100,0,100,100,100
2020/12/08 9:24:52 PM GMT+1,Family,Female,47,Entertainment;Parties;Performances;Sports;Festivals;Food and Drink;Health and Wellness;Dance;Fashion,100,100,100,100,100,100,100,100,66.7,100,100,100,0,100,100,100,100,100,100,100,100,100,100
2020/12/08 9:25:15 PM GMT+1,Friends;Family,Male,16,Trips and adventurous activities;Entertainment;Parties;Sports,0,100,100,100,100,0,100,50,0,100,0,100,0,100,0,0,0,0,100,0,100,100,100
2020/12/08 9:27:37 PM GMT+1,Family,Female,41,Literary Art;Craft;Trips and adventurous activities;Entertainment;Performances;Workshops;Fashion;Arts,100,100,0,100,100,100,0,100,100,100,100,50,0,100,0,100,0,0,0,0,100,100,100
2020/12/08 9:28:28 PM GMT+1,Family,Female,36,Kids events;Food and Drink,0,100,0,0,100,100,100,50,66.7,0,0,100,0,100,100,0,0,100,0,0,100,0,0
2020/12/08 9:29:40 PM GMT+1,Friends,Female,43,Fine Arts;Photography;Cooking;Trips and adventurous activities;Festivals;Music;Exhibitions;Food and Drink;Arts,100,0,0,100,100,100,100,50,66.7,0,100,50,0,100,100,100,100,100,100,0,100,100,50
2020/12/08 9:31:28 PM GMT+1,Partner;Friends;Family,Female,34,Photography;Cooking;Trips and adventurous activities;Entertainment;Music;Food and Drink;Dance;Fashion;Arts,0,100,100,100,100,100,100,100,100,100,100,100,100,100,100,100,100,100,100,100,100,100,100
2020/12/08 9:33:13 PM GMT+1,Friends;Family,Male,53,Theatre;Trips and adventurous activities;Festivals;Arts,100,100,100,100,100,100,100,50,100,0,100,100,100,100,100,0,100,0,100,100,100,100,100
2020/12/08 9:34:16 PM GMT+1,Alone,Female,18,Fine Arts;Photography;Cooking;Parties;Food and Drink;Health and Wellness;Fashion,100,100,100,0,100,100,100,0,66.7,100,100,50,0,100,0,100,0,100,100,100,100,100,50
2020/12/08 9:36:56 PM GMT+1,Friends,Male,16,Trips and adventurous activities;Entertainment;Performances;Music;Food and Drink;Fashion,0,0,0,100,0,0,0,50,66.7,0,0,100,0,0,100,0,100,0,100,0,0,0,0
2020/12/08 9:39:32 PM GMT+1,Family,Female,38,Trips and adventurous activities;Kids events,0,100,100,0,100,0,0,0,33.5,0,0,0,0,100,0,0,0,0,0,0,100,0,0
2020/12/08 9:44:41 PM GMT+1,Friends,Female,52,Fine Arts;Craft;Photography;Entertainment;Parties;Workshops;Music;Food and Drink;Arts,100,0,0,100,100,0,0,100,66.7,100,0,100,0,100,100,100,100,0,0,0,100,100,50
2020/12/08 9:45:28 PM GMT+1,Alone;Friends;Family,Male,16,Fine Arts;Literary Art;Photography;Cooking;Trips and adventurous activities;Yoga;Performances;Food and Drink;Health and Wellness;Dance;Fashion;Arts,100,100,0,100,0,100,100,100,66.7,100,100,50,0,100,100,100,100,100,0,0,0,100,100
2020/12/08 9:58:15 PM GMT+1,Family,Female,39,Trips and adventurous activities;Entertainment;Food and Drink,100,100,0,0,100,0,0,100,66.7,100,100,0,0,100,0,100,100,0,0,100,100,100,100
2020/12/08 10:05:02 PM GMT+1,Friends,Female,47,Trips and adventurous activities;Exhibitions,0,100,0,0,100,0,0,50,33.5,0,100,50,0,100,0,100,100,0,0,100,100,100,50
2020/12/08 10:12:28 PM GMT+1,Partner;Friends;Family,Female,19,Trips and adventurous activities;Parties;Sports;Festivals;Music,0,100,100,100,100,0,100,0,100,100,0,100,100,100,100,100,0,0,100,0,100,100,50
2020/12/08 10:25:04 PM GMT+1,Partner,Female,46,Fine Arts;Photography;Entertainment;Food and Drink;Health and Wellness;Dance;Arts,100,100,100,0,100,100,0,50,33.5,0,0,0,0,100,0,100,0,0,0,0,0,0,50
2020/12/08 10:25:55 PM GMT+1,Friends;Family,Female,51,Theatre;Craft;Trips and adventurous activities;Entertainment;Parties;Performances;Festivals;Workshops;Music;Arts,100,100,100,100,100,100,100,50,100,100,100,100,100,100,100,100,100,100,100,100,100,100,100
2020/12/08 10:27:45 PM GMT+1,Partner;Friends;Family,Female,50,Theatre;Photography;Trips and adventurous activities;Entertainment;Performances;Festivals;Music;Exhibitions;Food and Drink;Dance;Fashion;Arts,100,100,0,0,100,0,0,50,66.7,0,0,50,0,100,0,0,100,100,0,0,0,100,50
2020/12/08 10:43:02 PM GMT+1,Family,Female,44,Arts,0,0,100,100,100,100,100,0,33.5,0,100,100,100,100,100,100,0,100,0,100,0,0,100
2020/12/08 10:46:34 PM GMT+1,Partner;Friends;Family,Male,21,Fine Arts;Photography;Trips and adventurous activities;Entertainment;Parties;Festivals;Workshops;Music;Food and Drink;Dance;Arts,100,100,100,100,100,100,100,100,100,100,100,100,100,100,100,100,100,100,100,100,100,0,100
2020/12/08 10:47:31 PM GMT+1,Partner,Female,21,Photography;Trips and adventurous activities;Entertainment;Parties;Performances;Festivals;Workshops;Music;Exhibitions;Food and Drink;Dance;Arts,0,100,0,100,100,100,0,100,100,100,0,100,100,100,100,100,0,100,100,0,100,100,50
2020/12/08 10:52:38 PM GMT+1,Friends,Female,19,Theatre;Festivals,100,100,0,100,100,0,100,50,33.5,100,0,50,0,100,0,100,0,100,0,100,0,100,0
2020/12/08 11:20:36 PM GMT+1,Friends;Family,Male,21,Photography;Comedy;Parties;Sports;Music,0,100,0,0,100,0,0,0,33.5,0,0,100,0,100,100,0,0,0,100,0,100,100,0
2020/12/08 11:36:43 PM GMT+1,Friends;Family,Female,15,Photography;Trips and adventurous activities;Music;Food and Drink;Health and Wellness;Fashion,100,100,0,100,100,100,100,100,100,100,100,50,0,100,100,100,0,100,100,100,100,100,100
2020/12/09 12:24:59 AM GMT+1,Friends,Male,26,Photography;Comedy;Parties;Music;Food and Drink;Dance,0,0,100,0,100,0,100,50,66.7,0,100,50,0,100,0,0,0,0,0,0,0,100,50
2020/12/09 12:28:41 AM GMT+1,Alone;Friends;Family,Female,50,Fine Arts;Theatre;Craft;Trips and adventurous activities;Entertainment;Performances;Workshops;Music;Exhibitions;Food and Drink;Arts,100,100,100,100,100,100,0,50,66.7,100,0,50,100,100,100,100,0,100,0,100,100,100,100
2020/12/09 12:34:15 AM GMT+1,Friends,Female,31,Photography;Cooking;Trips and adventurous activities;Entertainment;Festivals;Music;Exhibitions;Food and Drink,0,100,100,0,100,100,100,50,66.7,0,0,50,0,100,0,100,100,0,100,0,100,0,50
2020/12/09 1:09:28 AM GMT+1,Partner;Friends;Family,Female,17,Fine Arts;Theatre;Literary Art;Photography;Trips and adventurous activities;Parties;Performances;Festivals;Music;Exhibitions;Dance;Arts,100,100,100,100,100,0,0,100,66.7,100,0,100,100,100,100,0,100,100,100,0,0,0,100
2020/12/09 8:39:05 AM GMT+1,Partner,Male,40,Fine Arts;Entertainment;Performances;Festivals;Workshops;Music;Food and Drink,100,0,0,0,0,0,0,50,0,0,0,100,0,0,0,0,100,0,100,0,100,0,0
2020/12/09 9:53:51 AM GMT+1,Friends,Male,19,Photography;Cooking;Comedy;Entertainment;Parties;Performances;Sports;Festivals;Music;Food and Drink,0,100,100,100,100,100,100,100,100,0,0,100,0,100,100,0,0,0,100,0,100,0,50
2020/12/09 12:04:22 PM GMT+1,Friends;Family,Female,37,Photography;Trips and adventurous activities;Entertainment;Kids events;Festivals;Food and Drink,0,100,100,100,100,100,0,0,33.5,100,0,0,100,100,0,0,0,0,100,0,0,0,50
2020/12/09 12:26:04 PM GMT+1,Partner;Friends,Female,18,Trips and adventurous activities;Festivals;Workshops;Food and Drink;Dance,0,100,0,100,100,100,0,50,66.7,0,0,100,0,100,100,100,0,0,100,100,100,100,0
2020/12/09 7:57:12 PM GMT+1,Family,Male,49,Craft;Trips and adventurous activities;Entertainment;Sports;Food and Drink,0,0,100,100,0,0,100,0,66.7,0,0,0,0,100,0,0,100,0,0,0,100,0,0
2020/12/11 8:51:04 AM GMT+1,Friends,Male,51,Fine Arts;Literary Art;Photography;Performances;Festivals;Music;Exhibitions;Health and Wellness;Arts,100,0,0,100,100,0,100,0,33.5,0,0,0,100,100,0,0,100,100,0,0,0,100,100
2020/12/12 6:54:06 PM GMT+1,Partner,Male,25,Comedy;Parties;Sports;Music;Food and Drink,0,0,100,100,100,0,100,0,66.7,0,0,100,0,0,0,100,100,0,0,0,0,100,50
2020/12/16 4:16:59 PM GMT+1,Friends,Male;Female,14,Theatre;Craft;Photography;Festivals;Music,0,100,0,0,100,0,0,50,33.5,0,0,50,100,0,100,0,0,0,0,0,0,0,0
